Table / View Name,Object Type,Current Status,Classification Category,Recommended Action,Row Count,Disk Size,Earliest Record / Created Date,Last Updated / Edited Date,Logical Reasoning (Why Useful or Why Obsolete)
accident_penalty_1,BASE TABLE,NOT USEFUL (Obsolete / Deprecated / Dev / City Shard),"NOT_USEFUL (Legacy City-Suffixed Shard - _1, _15, _16)",DROP TABLE / DROP VIEW (Obsolete City Shards),2,32 kB,2026-03-04,2026-03-05,Legacy per-city sharded table from deprecated architecture. Superseded by unified multi-city tables with city discriminator column.
accident_penalty_15,BASE TABLE,NOT USEFUL (Obsolete / Deprecated / Dev / City Shard),"NOT_USEFUL (Legacy City-Suffixed Shard - _1, _15, _16)",DROP TABLE / DROP VIEW (Obsolete City Shards),32,32 kB,2026-06-01,2026-07-06,Legacy per-city sharded table from deprecated architecture. Superseded by unified multi-city tables with city discriminator column.
accident_penalty_16,BASE TABLE,NOT USEFUL (Obsolete / Deprecated / Dev / City Shard),"NOT_USEFUL (Legacy City-Suffixed Shard - _1, _15, _16)",DROP TABLE / DROP VIEW (Obsolete City Shards),1,32 kB,2026-06-30,2026-06-30,Legacy per-city sharded table from deprecated architecture. Superseded by unified multi-city tables with city discriminator column.
accidents,BASE TABLE,NOT USEFUL (Obsolete / Deprecated / Dev / City Shard),NOT_USEFUL (Legacy Table Superseded by core_ / july_),DROP TABLE (Obsolete Entity),6538,720 kB,2026-08-17 19:19:07.270507,2026-08-17 19:19:07.753216,Legacy standalone entity from older schema. Completely superseded by core_accidents or july_accidents.
accidents_registry,BASE TABLE,NOT USEFUL (Obsolete / Deprecated / Dev / City Shard),NOT_USEFUL (Legacy Table Superseded by core_ / july_),DROP TABLE (Obsolete Entity),5,32 kB,2026-07-02 13:24:32.312003,2026-07-02 13:24:32.312003,Legacy standalone entity from older schema. Completely superseded by core_accidents_registry or july_accidents_registry.
active_core_accidents,VIEW,USEFUL (Current Production),CURRENT_ACTIVE (Backend Core View),KEEP (Active in Production Architecture),N/A,0 bytes,2025-02-19 04:48:41+00:00,2026-10-01 06:45:34.669974+00:00,Directly integrated with active codebase [backend]. Filtered view of active non-deleted accident records.
active_core_adjustments,VIEW,USEFUL (Current Production),CURRENT_ACTIVE (Backend Core View),KEEP (Active in Production Architecture),N/A,0 bytes,2025-02-17 15:49:18.912000,2026-09-30 23:43:52.871038,Directly integrated with active codebase [backend]. Filtered view of active financial adjustments.
active_core_dropoffs,VIEW,USEFUL (Current Production),CURRENT_ACTIVE (Backend Core View),KEEP (Active in Production Architecture),N/A,0 bytes,2026-08-04 18:21:02.175680,2026-09-30 23:45:31.930129,Directly integrated with active codebase [backend]. Filtered view of non-deleted active vehicle drop-off returns.
active_core_partner_onboarding,VIEW,USEFUL (Current Production),CURRENT_ACTIVE (Backend Core View),KEEP (Active in Production Architecture),N/A,0 bytes,2026-07-31 16:12:20.329453+00:00,2026-10-01 06:45:37.837609+00:00,Directly integrated with active codebase [backend]. Filtered view of active non-deleted driver-partner profiles.
active_core_walkin,VIEW,USEFUL (Current Production),CURRENT_ACTIVE (Backend Core View),KEEP (Active in Production Architecture),N/A,0 bytes,2026-02-05 16:00:00,2026-09-30 23:45:48.535621,Directly integrated with active codebase [backend]. Filtered view of non-deleted walk-in inquiries.
adjustment_1,BASE TABLE,NOT USEFUL (Obsolete / Deprecated / Dev / City Shard),"NOT_USEFUL (Legacy City-Suffixed Shard - _1, _15, _16)",DROP TABLE / DROP VIEW (Obsolete City Shards),2,32 kB,2026-03-03,2026-03-05,Legacy per-city sharded table from deprecated architecture. Superseded by unified multi-city tables with city discriminator column.
adjustment_15,BASE TABLE,NOT USEFUL (Obsolete / Deprecated / Dev / City Shard),"NOT_USEFUL (Legacy City-Suffixed Shard - _1, _15, _16)",DROP TABLE / DROP VIEW (Obsolete City Shards),0,16 kB,N/A,N/A,Legacy per-city sharded table from deprecated architecture. Superseded by unified multi-city tables with city discriminator column.
adjustment_16,BASE TABLE,NOT USEFUL (Obsolete / Deprecated / Dev / City Shard),"NOT_USEFUL (Legacy City-Suffixed Shard - _1, _15, _16)",DROP TABLE / DROP VIEW (Obsolete City Shards),57,72 kB,N/A,2026-07-16 08:21:34.180759+00:00,Legacy per-city sharded table from deprecated architecture. Superseded by unified multi-city tables with city discriminator column.
adjustment_logs,BASE TABLE,NOT USEFUL (Obsolete / Deprecated / Dev / City Shard),NOT_USEFUL (Unreferenced / Orphaned Table),DROP TABLE (Zero Active Connection),17015,2352 kB,2026-08-17 19:19:31.930936,2026-08-17 19:19:35.347638,Zero direct or indirect connections across all 9 production repositories.
allocation_master_1,BASE TABLE,NOT USEFUL (Obsolete / Deprecated / Dev / City Shard),"NOT_USEFUL (Legacy City-Suffixed Shard - _1, _15, _16)",DROP TABLE / DROP VIEW (Obsolete City Shards),367,120 kB,2026-03-02,2026-03-05,Legacy per-city sharded table from deprecated architecture. Superseded by unified multi-city tables with city discriminator column.
allocation_master_15,BASE TABLE,NOT USEFUL (Obsolete / Deprecated / Dev / City Shard),"NOT_USEFUL (Legacy City-Suffixed Shard - _1, _15, _16)",DROP TABLE / DROP VIEW (Obsolete City Shards),644,160 kB,2025-03-05,2026-07-04,Legacy per-city sharded table from deprecated architecture. Superseded by unified multi-city tables with city discriminator column.
allocation_master_16,BASE TABLE,NOT USEFUL (Obsolete / Deprecated / Dev / City Shard),"NOT_USEFUL (Legacy City-Suffixed Shard - _1, _15, _16)",DROP TABLE / DROP VIEW (Obsolete City Shards),254,88 kB,2025-12-02,2026-07-04,Legacy per-city sharded table from deprecated architecture. Superseded by unified multi-city tables with city discriminator column.
app_audit_logs,BASE TABLE,USEFUL (Current Production),CURRENT_ACTIVE (Cashfree Portal ORM),KEEP (Active in Production Architecture),62,32 kB,2026-08-18 11:56:00.817528+00:00,2026-09-24 12:24:28.361887+00:00,"Directly integrated with active codebase [cashfree-web_portal]. Audit logs of financial recalculations, payment confirmations & profile updates."
app_drivers,BASE TABLE,USEFUL (Current Production),CURRENT_ACTIVE (Cashfree Portal ORM),KEEP (Active in Production Architecture),2113,3224 kB,2026-08-18 11:55:37.665416+00:00,2026-09-24 11:27:47.216444+00:00,"Directly integrated with active codebase [cashfree-web_portal]. Driver profile entity in settlement portal, KYC status, active vehicle & bank details."
app_hisaabs,BASE TABLE,USEFUL (Current Production),CURRENT_ACTIVE (Cashfree Portal ORM),KEEP (Active in Production Architecture),1324,1320 kB,2026-08-18 11:55:37.835833+00:00,2026-09-30 18:00:00.078232+00:00,Directly integrated with active codebase [cashfree-web_portal]. Weekly settlement statements aggregating multi-platform earnings & net payouts.
app_notifications,BASE TABLE,USEFUL (Current Production),CURRENT_ACTIVE (Cashfree Portal ORM),KEEP (Active in Production Architecture),20,32 kB,2026-08-17 11:55:38.369119+00:00,2026-09-08 11:36:01.110601+00:00,Directly integrated with active codebase [cashfree-web_portal]. In-app and push notifications for hisaab generation & payment alerts.
app_operators,BASE TABLE,USEFUL (Current Production),CURRENT_ACTIVE (Cashfree Portal ORM),KEEP (Active in Production Architecture),1632,1896 kB,2026-08-18 11:55:37.463508+00:00,2026-09-24 11:27:47.216444+00:00,"Directly integrated with active codebase [cashfree-web_portal]. Fleet operator profile entity, fleet size, aggregate payout balance & bank details."
app_payments,BASE TABLE,USEFUL (Current Production),CURRENT_ACTIVE (Cashfree Portal ORM),KEEP (Active in Production Architecture),14,48 kB,N/A,2026-09-08 11:36:27.660691+00:00,"Directly integrated with active codebase [cashfree-web_portal]. Cashfree PG payment transactions, order IDs, CF payment session IDs & gateway webhooks."
app_permissions,BASE TABLE,USEFUL (Current Production),CURRENT_ACTIVE (PortalJuly RBAC),KEEP (Active in Production Architecture),34,48 kB,N/A,N/A,Directly integrated with active codebase [portaljuly]. Granular permissions master list defining module actions & screen view permissions.
app_referral_leads,BASE TABLE,USEFUL (Current Production),CURRENT_ACTIVE (Cashfree Portal ORM),KEEP (Active in Production Architecture),8,24 kB,2026-08-18 11:55:38.699566+00:00,2026-08-18 11:57:11.089354+00:00,Directly integrated with active codebase [cashfree-web_portal]. Referral invites created by drivers/operators & bonus calculation.
app_role_permissions,BASE TABLE,USEFUL (Current Production),CURRENT_ACTIVE (PortalJuly RBAC),KEEP (Active in Production Architecture),187,24 kB,N/A,2026-07-08 09:51:38.804892+00:00,Directly integrated with active codebase [portaljuly]. Junction table mapping app_roles to granted app_permissions.
app_roles,BASE TABLE,USEFUL (Current Production),CURRENT_ACTIVE (PortalJuly RBAC),KEEP (Active in Production Architecture),9,48 kB,N/A,N/A,"Directly integrated with active codebase [portaljuly]. Modern RBAC role catalogue (Admin, Ops Manager, Fleet Manager, Executive)."
app_sessions,BASE TABLE,USEFUL (Current Production),CURRENT_ACTIVE (Cashfree Portal ORM),KEEP (Active in Production Architecture),12,32 kB,2026-08-18 11:56:00.817528+00:00,2026-08-24 11:47:48.178599+00:00,"Directly integrated with active codebase [cashfree-web_portal]. Authentication bearer sessions, token lifetimes & device metadata."
app_support_tickets,BASE TABLE,USEFUL (Current Production),CURRENT_ACTIVE (Cashfree Portal ORM),KEEP (Active in Production Architecture),14,48 kB,2026-08-12 11:55:38.112153+00:00,2026-08-18 11:57:10.337975+00:00,"Directly integrated with active codebase [cashfree-web_portal]. Driver and operator dispute tickets, settlement queries & attachments."
app_users,BASE TABLE,NOT USEFUL (Obsolete / Deprecated / Dev / City Shard),NOT_USEFUL (Unreferenced / Orphaned Table),DROP TABLE (Zero Active Connection),6,48 kB,2026-06-30 08:49:23.526703,2026-07-06 09:06:36.396499,Zero direct or indirect connections across all 9 production repositories.
captains,BASE TABLE,USEFUL (Current Production),CURRENT_ACTIVE (Rapido Pipeline),KEEP (Active in Production Architecture),2,40 kB,2026-09-21 10:24:41.071134,N/A,"Directly integrated with active codebase [rapido, letzryd-rapido-integration-pipeline]. Real-time driver online/offline status and active vehicle number mapping."
cashfree_orders,BASE TABLE,NOT USEFUL (Obsolete / Deprecated / Dev / City Shard),NOT_USEFUL (Unreferenced / Orphaned Table),DROP TABLE (Zero Active Connection),1,112 kB,2026-08-07 05:40:25.430150+00:00,2026-08-07 05:40:25.430150+00:00,Zero direct or indirect connections across all 9 production repositories.
cashfree_payouts,BASE TABLE,NOT USEFUL (Obsolete / Deprecated / Dev / City Shard),NOT_USEFUL (Unreferenced / Orphaned Table),DROP TABLE (Zero Active Connection),1,96 kB,2026-08-07 05:40:25.459849+00:00,2026-08-07 05:40:25.459849+00:00,Zero direct or indirect connections across all 9 production repositories.
cashfree_refunds,BASE TABLE,NOT USEFUL (Obsolete / Deprecated / Dev / City Shard),NOT_USEFUL (Unreferenced / Orphaned Table),DROP TABLE (Zero Active Connection),0,24 kB,N/A,N/A,Zero direct or indirect connections across all 9 production repositories.
cashfree_webhooks,BASE TABLE,NOT USEFUL (Obsolete / Deprecated / Dev / City Shard),NOT_USEFUL (Unreferenced / Orphaned Table),DROP TABLE (Zero Active Connection),0,40 kB,N/A,N/A,Zero direct or indirect connections across all 9 production repositories.
challan_1,BASE TABLE,NOT USEFUL (Obsolete / Deprecated / Dev / City Shard),"NOT_USEFUL (Legacy City-Suffixed Shard - _1, _15, _16)",DROP TABLE / DROP VIEW (Obsolete City Shards),3,32 kB,2026-03-03,2026-03-06,Legacy per-city sharded table from deprecated architecture. Superseded by unified multi-city tables with city discriminator column.
challan_15,BASE TABLE,NOT USEFUL (Obsolete / Deprecated / Dev / City Shard),"NOT_USEFUL (Legacy City-Suffixed Shard - _1, _15, _16)",DROP TABLE / DROP VIEW (Obsolete City Shards),0,16 kB,N/A,N/A,Legacy per-city sharded table from deprecated architecture. Superseded by unified multi-city tables with city discriminator column.
challan_16,BASE TABLE,NOT USEFUL (Obsolete / Deprecated / Dev / City Shard),"NOT_USEFUL (Legacy City-Suffixed Shard - _1, _15, _16)",DROP TABLE / DROP VIEW (Obsolete City Shards),41,32 kB,2026-06-29,2026-07-29,Legacy per-city sharded table from deprecated architecture. Superseded by unified multi-city tables with city discriminator column.
challan_driver_view,BASE TABLE,NOT USEFUL (Obsolete / Deprecated / Dev / City Shard),NOT_USEFUL (Unreferenced / Orphaned Table),DROP TABLE (Zero Active Connection),0,8192 bytes,N/A,N/A,Zero direct or indirect connections across all 9 production repositories.
challan_logs,BASE TABLE,NOT USEFUL (Obsolete / Deprecated / Dev / City Shard),NOT_USEFUL (Unreferenced / Orphaned Table),DROP TABLE (Zero Active Connection),413,104 kB,2026-08-17 13:48:23.892934,2026-08-17 13:48:23.892934,Zero direct or indirect connections across all 9 production repositories.
challan_scrape_checkpoint,BASE TABLE,USEFUL (Current Production),CURRENT_ACTIVE (Challan Pipeline),KEEP (Active in Production Architecture),1032,184 kB,N/A,2026-09-30 00:30:43.924625+00:00,Directly integrated with active codebase [Challan_Fine_Automation_Pipeline]. Persistent scraper progress tracker in PostgreSQL surviving Cloud Run restarts.
cities,BASE TABLE,NOT USEFUL (Obsolete / Deprecated / Dev / City Shard),NOT_USEFUL (Unreferenced / Orphaned Table),DROP TABLE (Zero Active Connection),14,24 kB,N/A,N/A,Zero direct or indirect connections across all 9 production repositories.
clean_unpaid_challans_view,VIEW,NOT USEFUL (Obsolete / Deprecated / Dev / City Shard),NOT_USEFUL (Orphaned / Legacy View),DROP VIEW (Unused Legacy View),N/A,0 bytes,N/A,N/A,Deprecated legacy database view (old city view or Looker report) with zero consumers in current portal/backend.
copy_accidents_registry,BASE TABLE,NOT USEFUL (Obsolete / Deprecated / Dev / City Shard),NOT_USEFUL (Backup / Copy / Snapshot Table),DROP TABLE (Temporary/Redundant Snapshot),5,32 kB,2026-07-02 13:24:32.312003,2026-07-02 13:24:32.312003,Redundant snapshot/backup table created during earlier migrations/testing. Zero code references.
copy_app_sessions,BASE TABLE,NOT USEFUL (Obsolete / Deprecated / Dev / City Shard),NOT_USEFUL (Backup / Copy / Snapshot Table),DROP TABLE (Temporary/Redundant Snapshot),211,48 kB,2026-06-30 10:57:55.592044,2026-07-06 09:09:33.941236,Redundant snapshot/backup table created during earlier migrations/testing. Zero code references.
copy_app_users,BASE TABLE,NOT USEFUL (Obsolete / Deprecated / Dev / City Shard),NOT_USEFUL (Backup / Copy / Snapshot Table),DROP TABLE (Temporary/Redundant Snapshot),10,32 kB,2026-06-30 08:49:23.526703,2026-07-06 09:06:36.396499,Redundant snapshot/backup table created during earlier migrations/testing. Zero code references.
copy_cities,BASE TABLE,NOT USEFUL (Obsolete / Deprecated / Dev / City Shard),NOT_USEFUL (Backup / Copy / Snapshot Table),DROP TABLE (Temporary/Redundant Snapshot),3,24 kB,N/A,2026-08-05 13:05:53.355453+00:00,Redundant snapshot/backup table created during earlier migrations/testing. Zero code references.
copy_hubs_parking,BASE TABLE,NOT USEFUL (Obsolete / Deprecated / Dev / City Shard),NOT_USEFUL (Backup / Copy / Snapshot Table),DROP TABLE (Temporary/Redundant Snapshot),3,32 kB,2026-08-03 06:54:07.873244,2026-08-03 06:54:07.873244,Redundant snapshot/backup table created during earlier migrations/testing. Zero code references.
copy_inspections,BASE TABLE,NOT USEFUL (Obsolete / Deprecated / Dev / City Shard),NOT_USEFUL (Backup / Copy / Snapshot Table),DROP TABLE (Temporary/Redundant Snapshot),9,32 kB,2026-07-02 13:33:00.917410,2026-07-02 13:33:00.917410,Redundant snapshot/backup table created during earlier migrations/testing. Zero code references.
copy_maintenance_registry,BASE TABLE,NOT USEFUL (Obsolete / Deprecated / Dev / City Shard),NOT_USEFUL (Backup / Copy / Snapshot Table),DROP TABLE (Temporary/Redundant Snapshot),5,32 kB,2026-07-03 12:00:06.748061,2026-07-03 12:00:06.748061,Redundant snapshot/backup table created during earlier migrations/testing. Zero code references.
copy_operating_cities,BASE TABLE,NOT USEFUL (Obsolete / Deprecated / Dev / City Shard),NOT_USEFUL (Backup / Copy / Snapshot Table),DROP TABLE (Temporary/Redundant Snapshot),3,32 kB,2026-07-02 14:21:51.833952,2026-07-02 14:21:51.833952,Redundant snapshot/backup table created during earlier migrations/testing. Zero code references.
copy_partner_adjustment,BASE TABLE,NOT USEFUL (Obsolete / Deprecated / Dev / City Shard),NOT_USEFUL (Backup / Copy / Snapshot Table),DROP TABLE (Temporary/Redundant Snapshot),10,32 kB,2026-07-01 10:08:48.993167,2026-07-01 10:08:48.993167,Redundant snapshot/backup table created during earlier migrations/testing. Zero code references.
copy_partner_expenses,BASE TABLE,NOT USEFUL (Obsolete / Deprecated / Dev / City Shard),NOT_USEFUL (Backup / Copy / Snapshot Table),DROP TABLE (Temporary/Redundant Snapshot),10,32 kB,2026-07-01 11:05:17.584481,2026-07-01 11:05:17.584481,Redundant snapshot/backup table created during earlier migrations/testing. Zero code references.
copy_tickets,BASE TABLE,NOT USEFUL (Obsolete / Deprecated / Dev / City Shard),NOT_USEFUL (Backup / Copy / Snapshot Table),DROP TABLE (Temporary/Redundant Snapshot),0,16 kB,N/A,N/A,Redundant snapshot/backup table created during earlier migrations/testing. Zero code references.
copy_traffic_challans,BASE TABLE,NOT USEFUL (Obsolete / Deprecated / Dev / City Shard),NOT_USEFUL (Backup / Copy / Snapshot Table),DROP TABLE (Temporary/Redundant Snapshot),7,32 kB,2026-07-03 12:00:06.748061,2026-07-03 12:00:06.748061,Redundant snapshot/backup table created during earlier migrations/testing. Zero code references.
copy_users,BASE TABLE,NOT USEFUL (Obsolete / Deprecated / Dev / City Shard),NOT_USEFUL (Backup / Copy / Snapshot Table),DROP TABLE (Temporary/Redundant Snapshot),26,32 kB,2026-06-15 18:14:16.764636,2026-07-01 11:11:19.751601,Redundant snapshot/backup table created during earlier migrations/testing. Zero code references.
copy_vehicle_allocation,BASE TABLE,NOT USEFUL (Obsolete / Deprecated / Dev / City Shard),NOT_USEFUL (Backup / Copy / Snapshot Table),DROP TABLE (Temporary/Redundant Snapshot),13,32 kB,2026-07-01 10:54:31.154701,2026-07-01 10:54:31.154701,Redundant snapshot/backup table created during earlier migrations/testing. Zero code references.
copy_vehicle_models,BASE TABLE,NOT USEFUL (Obsolete / Deprecated / Dev / City Shard),NOT_USEFUL (Backup / Copy / Snapshot Table),DROP TABLE (Temporary/Redundant Snapshot),6,32 kB,2026-07-02 14:19:33.890282,2026-07-02 14:19:33.890282,Redundant snapshot/backup table created during earlier migrations/testing. Zero code references.
copy_workshop_vendors,BASE TABLE,NOT USEFUL (Obsolete / Deprecated / Dev / City Shard),NOT_USEFUL (Backup / Copy / Snapshot Table),DROP TABLE (Temporary/Redundant Snapshot),3,32 kB,2026-08-03 06:54:07.873244,2026-08-03 06:54:07.873244,Redundant snapshot/backup table created during earlier migrations/testing. Zero code references.
core_accidents,BASE TABLE,USEFUL (Current Production),CURRENT_ACTIVE (Backend Core SSOT),KEEP (Active in Production Architecture),3131,11 MB,2025-02-19 04:48:41+00:00,2026-10-01 06:45:34.669974+00:00,"Directly integrated with active codebase [backend]. Consolidated accident incidents, FIR, photo links & repair costs master."
core_adjustments,BASE TABLE,USEFUL (Current Production),CURRENT_ACTIVE (Backend Core SSOT),KEEP (Active in Production Architecture),15843,23 MB,2025-02-17 15:49:18.912000,2026-09-30 23:43:52.871038,"Directly integrated with active codebase [backend]. Driver/Operator financial adjustments, penalties, credits and waivers master."
core_adjustments_backup_20260915,BASE TABLE,NOT USEFUL (Obsolete / Deprecated / Dev / City Shard),NOT_USEFUL (Backup / Copy / Snapshot Table),DROP TABLE (Temporary/Redundant Snapshot),29679,13 MB,2025-02-17 04:49:18+00:00,2026-09-15 19:07:43.212063+00:00,Redundant snapshot/backup table created during earlier migrations/testing. Zero code references.
core_challans,BASE TABLE,USEFUL (Current Production),CURRENT_ACTIVE (Backend Core SSOT),KEEP (Active in Production Architecture),8027,12 MB,2026-09-25 11:27:37.272446+00:00,2026-09-30 17:20:00.020325+00:00,"Directly integrated with active codebase [backend, Challan_Fine_Automation_Pipeline]. Master traffic challan ledger uniting Karnataka One scrapers and operational logs."
core_cities,BASE TABLE,NOT USEFUL (Obsolete / Deprecated / Dev / City Shard),NOT_USEFUL (Unreferenced / Orphaned Table),DROP TABLE (Zero Active Connection),3,56 kB,2026-09-01 11:46:37.766921+00:00,2026-09-01 11:46:37.766921+00:00,Zero direct or indirect connections across all 9 production repositories.
core_city_logs,BASE TABLE,NOT USEFUL (Obsolete / Deprecated / Dev / City Shard),NOT_USEFUL (Unreferenced / Orphaned Table),DROP TABLE (Zero Active Connection),3,48 kB,N/A,N/A,Zero direct or indirect connections across all 9 production repositories.
core_daily_vehicle_status,BASE TABLE,USEFUL (Current Production),CURRENT_ACTIVE (Backend Core SSOT),KEEP (Active in Production Architecture),84991,63 MB,2026-09-11 01:48:24.927052,2026-09-30 18:15:02.215251,"Directly integrated with active codebase [backend, uber]. Continuous master daily attendance & fleet status ledger evaluating Active, RFD, Maintenance, Dropoff."
core_dropoffs,BASE TABLE,USEFUL (Current Production),CURRENT_ACTIVE (Backend Core SSOT),KEEP (Active in Production Architecture),7384,11 MB,2026-08-04 18:21:02.175680,2026-09-30 23:45:31.930129,"Directly integrated with active codebase [backend]. Master vehicle return ledger tracking return date, return type, negative dues & damage liabilities."
core_gps,BASE TABLE,USEFUL (Current Production),CURRENT_ACTIVE (Backend Core SSOT),KEEP (Active in Production Architecture),70358,23 MB,2026-09-15 17:39:54.035801,2026-09-30 17:25:00.013062,Directly integrated with active codebase [backend]. Master daily telematics ledger tracking daily km per vehicle & idle alerts.
core_maintenance,BASE TABLE,USEFUL (Current Production),CURRENT_ACTIVE (Backend Core SSOT),KEEP (Active in Production Architecture),12127,13 MB,2026-09-07 08:24:51.630389,2026-09-30 23:40:32.822665,"Directly integrated with active codebase [backend]. Consolidated maintenance downtime, job cards and repair costs master."
core_ola_daily,BASE TABLE,USEFUL (Current Production),CURRENT_ACTIVE (Backend Core SSOT),KEEP (Active in Production Architecture),2580,2256 kB,2026-09-15 09:08:25.093467+00:00,2026-09-30 18:00:00.028752+00:00,"Directly integrated with active codebase [backend]. Daily aggregated Ola revenue, trips, cash collected & tolls per vehicle."
core_ola_incentives,BASE TABLE,NOT USEFUL (Obsolete / Deprecated / Dev / City Shard),NOT_USEFUL (Unreferenced / Orphaned Table),DROP TABLE (Zero Active Connection),2083,656 kB,2026-09-16 06:39:04.492095+00:00,2026-09-16 06:39:04.492095+00:00,Zero direct or indirect connections across all 9 production repositories.
core_ola_weekly,BASE TABLE,USEFUL (Current Production),CURRENT_ACTIVE (Backend Core SSOT),KEEP (Active in Production Architecture),2907,1488 kB,2026-09-15 09:08:25.340672+00:00,2026-09-30 18:00:00.028752+00:00,Directly integrated with active codebase [backend]. Full weekly rollup of Ola performance aggregated Monday–Sunday.
core_partner_onboarding,BASE TABLE,USEFUL (Current Production),CURRENT_ACTIVE (Backend Core SSOT),KEEP (Active in Production Architecture),2512,88 MB,2026-07-31 16:12:20.329453+00:00,2026-10-01 06:45:37.837609+00:00,"Directly integrated with active codebase [backend]. Master SSOT for driver & operator onboarding profiles, KYC documents & banking details."
core_rapido_daily,BASE TABLE,NOT USEFUL (Obsolete / Deprecated / Dev / City Shard),NOT_USEFUL (Unreferenced / Orphaned Table),DROP TABLE (Zero Active Connection),2155,744 kB,2026-09-16 06:39:04.492095+00:00,2026-09-29 12:51:32.894282+00:00,Zero direct or indirect connections across all 9 production repositories.
core_rental_plans,BASE TABLE,USEFUL (Current Production),CURRENT_ACTIVE (Backend Rental Engine),KEEP (Active in Production Architecture),20,64 kB,2026-09-20 18:02:04.752412+00:00,2026-09-22 11:34:21.792417+00:00,"Directly integrated with active codebase [backend]. Canonical rental plan catalogue defining base daily rent, indemnity fees & calculation tiers."
core_uber_daily,BASE TABLE,USEFUL (Current Production),CURRENT_ACTIVE (Backend Core SSOT),KEEP (Active in Production Architecture),65196,50 MB,2026-09-15 09:07:15.965778+00:00,2026-09-30 18:05:00.012897+00:00,"Directly integrated with active codebase [backend]. Daily aggregated Uber earnings, trips, cash collected & tolls under 04:00 AM shift cutoff."
core_uber_weekly,BASE TABLE,USEFUL (Current Production),CURRENT_ACTIVE (Backend Core SSOT),KEEP (Active in Production Architecture),9199,8880 kB,2026-09-15 09:07:22.916478+00:00,2026-09-30 18:05:00.012897+00:00,Directly integrated with active codebase [backend]. Full weekly rollup of Uber earnings & incentives across Monday–Sunday cycle.
core_vehicle_allocation,BASE TABLE,USEFUL (Current Production),CURRENT_ACTIVE (Backend Core SSOT),KEEP (Active in Production Architecture),7850,15 MB,2026-08-06 16:52:57.302509,2026-09-30 23:45:50.293214,"Directly integrated with active codebase [backend]. Master vehicle allocation ledger recording trip start date, partner assignment & deposit."
core_vehicle_onboarding,BASE TABLE,USEFUL (Current Production),CURRENT_ACTIVE (Backend Core SSOT),KEEP (Active in Production Architecture),1769,16 MB,2026-09-04 18:34:40.633856,2026-09-30 23:37:56.482354,"Directly integrated with active codebase [backend, Challan_Fine_Automation_Pipeline]. Master vehicle asset register with full RC, chassis, engine, PDI checklist & document links."
core_walkin,BASE TABLE,USEFUL (Current Production),CURRENT_ACTIVE (Backend Core SSOT),KEEP (Active in Production Architecture),1051,13 MB,2026-02-05 16:00:00,2026-09-30 23:45:48.535621,"Directly integrated with active codebase [backend]. Master ledger for candidate walk-ins, driver recruitment inquiries & hub visits."
daily_driver_ledger,BASE TABLE,NOT USEFUL (Obsolete / Deprecated / Dev / City Shard),NOT_USEFUL (Unreferenced / Orphaned Table),DROP TABLE (Zero Active Connection),0,8192 bytes,N/A,N/A,Zero direct or indirect connections across all 9 production repositories.
daily_driver_performance_view,VIEW,NOT USEFUL (Obsolete / Deprecated / Dev / City Shard),NOT_USEFUL (Orphaned / Legacy View),DROP VIEW (Unused Legacy View),N/A,0 bytes,2026-01-02,2026-12-03,Deprecated legacy database view (old city view or Looker report) with zero consumers in current portal/backend.
daily_partner_ledger,BASE TABLE,NOT USEFUL (Obsolete / Deprecated / Dev / City Shard),NOT_USEFUL (Unreferenced / Orphaned Table),DROP TABLE (Zero Active Connection),0,8192 bytes,N/A,N/A,Zero direct or indirect connections across all 9 production repositories.
daily_rent_log,BASE TABLE,USEFUL (Current Production),CURRENT_ACTIVE (Backend Rental Engine),KEEP (Active in Production Architecture),97804,45 MB,2026-09-13 18:38:00.232268,2026-09-30 02:00:00.047890,"Directly integrated with active codebase [backend, portaljuly]. Forensic daily rental accrual ledger recording applied rent and indemnity fee per vehicle-day."
daily_vehicle_ledger,BASE TABLE,NOT USEFUL (Obsolete / Deprecated / Dev / City Shard),NOT_USEFUL (Unreferenced / Orphaned Table),DROP TABLE (Zero Active Connection),0,8192 bytes,N/A,N/A,Zero direct or indirect connections across all 9 production repositories.
daily_vehicle_ledger_view,VIEW,NOT USEFUL (Obsolete / Deprecated / Dev / City Shard),NOT_USEFUL (Orphaned / Legacy View),DROP VIEW (Unused Legacy View),N/A,0 bytes,2024-01-01,2026-09-30,Deprecated legacy database view (old city view or Looker report) with zero consumers in current portal/backend.
daily_vehicle_status_15,BASE TABLE,NOT USEFUL (Obsolete / Deprecated / Dev / City Shard),"NOT_USEFUL (Legacy City-Suffixed Shard - _1, _15, _16)",DROP TABLE / DROP VIEW (Obsolete City Shards),634,104 kB,N/A,2026-07-15 11:48:24.840617+00:00,Legacy per-city sharded table from deprecated architecture. Superseded by unified multi-city tables with city discriminator column.
daily_vehicle_status_16,BASE TABLE,NOT USEFUL (Obsolete / Deprecated / Dev / City Shard),"NOT_USEFUL (Legacy City-Suffixed Shard - _1, _15, _16)",DROP TABLE / DROP VIEW (Obsolete City Shards),144,24 kB,N/A,2026-07-16 08:21:34.193280+00:00,Legacy per-city sharded table from deprecated architecture. Superseded by unified multi-city tables with city discriminator column.
dashboard_trips_revenue_daily,VIEW,NOT USEFUL (Obsolete / Deprecated / Dev / City Shard),NOT_USEFUL (Orphaned / Legacy View),DROP VIEW (Unused Legacy View),N/A,0 bytes,2026-06-29,2026-07-05,Deprecated legacy database view (old city view or Looker report) with zero consumers in current portal/backend.
data_imports,BASE TABLE,NOT USEFUL (Obsolete / Deprecated / Dev / City Shard),NOT_USEFUL (Unreferenced / Orphaned Table),DROP TABLE (Zero Active Connection),0,16 kB,N/A,N/A,Zero direct or indirect connections across all 9 production repositories.
demo_gps_test,BASE TABLE,NOT USEFUL (Obsolete / Deprecated / Dev / City Shard),NOT_USEFUL (Test / Demo / Dev Sandbox Table),DROP TABLE (Dead Storage Sandbox),1728,312 kB,2026-08-25 06:49:04.512473,2026-08-25 06:49:04.512473,Test/Sandbox artifact. Consumes dead storage (e.g. test_uber_driver_payments_raw takes 788MB) with zero production usage.
demo_uber_driver_payments_test,BASE TABLE,NOT USEFUL (Obsolete / Deprecated / Dev / City Shard),NOT_USEFUL (Test / Demo / Dev Sandbox Table),DROP TABLE (Dead Storage Sandbox),2012,920 kB,N/A,2026-08-25 06:45:35.580393+00:00,Test/Sandbox artifact. Consumes dead storage (e.g. test_uber_driver_payments_raw takes 788MB) with zero production usage.
demo_uber_org_payments_test,BASE TABLE,NOT USEFUL (Obsolete / Deprecated / Dev / City Shard),NOT_USEFUL (Test / Demo / Dev Sandbox Table),DROP TABLE (Dead Storage Sandbox),20,48 kB,N/A,N/A,Test/Sandbox artifact. Consumes dead storage (e.g. test_uber_driver_payments_raw takes 788MB) with zero production usage.
demo_uber_transaction_activity_test,BASE TABLE,NOT USEFUL (Obsolete / Deprecated / Dev / City Shard),NOT_USEFUL (Test / Demo / Dev Sandbox Table),DROP TABLE (Dead Storage Sandbox),63362,26 MB,2026-08-25 06:45:21.579121,2026-08-25 06:45:21.579121,Test/Sandbox artifact. Consumes dead storage (e.g. test_uber_driver_payments_raw takes 788MB) with zero production usage.
demo_uber_trips_test,BASE TABLE,NOT USEFUL (Obsolete / Deprecated / Dev / City Shard),NOT_USEFUL (Test / Demo / Dev Sandbox Table),DROP TABLE (Dead Storage Sandbox),31311,19 MB,2026-08-25 06:44:48.758766,2026-08-25 06:44:48.758766,Test/Sandbox artifact. Consumes dead storage (e.g. test_uber_driver_payments_raw takes 788MB) with zero production usage.
dev_city,BASE TABLE,NOT USEFUL (Obsolete / Deprecated / Dev / City Shard),NOT_USEFUL (Test / Demo / Dev Sandbox Table),DROP TABLE (Dead Storage Sandbox),4,24 kB,2026-07-03 10:11:13.421167,2026-07-03 10:30:34.008150,Test/Sandbox artifact. Consumes dead storage (e.g. test_uber_driver_payments_raw takes 788MB) with zero production usage.
dev_employees,BASE TABLE,NOT USEFUL (Obsolete / Deprecated / Dev / City Shard),NOT_USEFUL (Test / Demo / Dev Sandbox Table),DROP TABLE (Dead Storage Sandbox),5,48 kB,2026-07-06 08:50:27.796918,2026-07-06 08:50:27.796918,Test/Sandbox artifact. Consumes dead storage (e.g. test_uber_driver_payments_raw takes 788MB) with zero production usage.
dev_modules,BASE TABLE,NOT USEFUL (Obsolete / Deprecated / Dev / City Shard),NOT_USEFUL (Test / Demo / Dev Sandbox Table),DROP TABLE (Dead Storage Sandbox),20,40 kB,2026-07-06 08:22:28.421137,2026-07-06 08:22:28.421137,Test/Sandbox artifact. Consumes dead storage (e.g. test_uber_driver_payments_raw takes 788MB) with zero production usage.
dev_role_permissions,BASE TABLE,NOT USEFUL (Obsolete / Deprecated / Dev / City Shard),NOT_USEFUL (Test / Demo / Dev Sandbox Table),DROP TABLE (Dead Storage Sandbox),60,40 kB,2026-07-06 08:22:28.421137,2026-07-06 08:22:28.421137,Test/Sandbox artifact. Consumes dead storage (e.g. test_uber_driver_payments_raw takes 788MB) with zero production usage.
dev_roles,BASE TABLE,NOT USEFUL (Obsolete / Deprecated / Dev / City Shard),NOT_USEFUL (Test / Demo / Dev Sandbox Table),DROP TABLE (Dead Storage Sandbox),3,48 kB,2026-07-06 08:22:28.421137,2026-07-06 08:22:28.421137,Test/Sandbox artifact. Consumes dead storage (e.g. test_uber_driver_payments_raw takes 788MB) with zero production usage.
dev_sessions,BASE TABLE,NOT USEFUL (Obsolete / Deprecated / Dev / City Shard),NOT_USEFUL (Test / Demo / Dev Sandbox Table),DROP TABLE (Dead Storage Sandbox),0,8192 bytes,N/A,N/A,Test/Sandbox artifact. Consumes dead storage (e.g. test_uber_driver_payments_raw takes 788MB) with zero production usage.
dev_users,BASE TABLE,NOT USEFUL (Obsolete / Deprecated / Dev / City Shard),NOT_USEFUL (Test / Demo / Dev Sandbox Table),DROP TABLE (Dead Storage Sandbox),5,48 kB,2026-07-06 08:50:27.796918,2026-07-06 08:50:27.796918,Test/Sandbox artifact. Consumes dead storage (e.g. test_uber_driver_payments_raw takes 788MB) with zero production usage.
driver_documents,BASE TABLE,NOT USEFUL (Obsolete / Deprecated / Dev / City Shard),NOT_USEFUL (Unreferenced / Orphaned Table),DROP TABLE (Zero Active Connection),0,16 kB,N/A,2026-08-14 12:38:07.547173+00:00,Zero direct or indirect connections across all 9 production repositories.
driver_ledger,BASE TABLE,NOT USEFUL (Obsolete / Deprecated / Dev / City Shard),NOT_USEFUL (Unreferenced / Orphaned Table),DROP TABLE (Zero Active Connection),6800,1128 kB,N/A,2026-06-10 19:31:29.742711+00:00,Zero direct or indirect connections across all 9 production repositories.
driver_onboarding,BASE TABLE,NOT USEFUL (Obsolete / Deprecated / Dev / City Shard),NOT_USEFUL (Unreferenced / Orphaned Table),DROP TABLE (Zero Active Connection),2113,1008 kB,N/A,2026-08-17 13:48:29.900726+00:00,Zero direct or indirect connections across all 9 production repositories.
driver_onboarding_test,BASE TABLE,NOT USEFUL (Obsolete / Deprecated / Dev / City Shard),NOT_USEFUL (Unreferenced / Orphaned Table),DROP TABLE (Zero Active Connection),1376,1744 kB,2024-11-05 00:00:00,2026-05-26 00:00:00,Zero direct or indirect connections across all 9 production repositories.
drivers,BASE TABLE,NOT USEFUL (Obsolete / Deprecated / Dev / City Shard),NOT_USEFUL (Unreferenced / Orphaned Table),DROP TABLE (Zero Active Connection),485,112 kB,N/A,2026-08-17 13:48:29.952696+00:00,Zero direct or indirect connections across all 9 production repositories.
events,BASE TABLE,NOT USEFUL (Obsolete / Deprecated / Dev / City Shard),NOT_USEFUL (Unreferenced / Orphaned Table),DROP TABLE (Zero Active Connection),4,64 kB,2026-06-10 15:51:36.671074,2026-06-10 15:51:36.671074,Zero direct or indirect connections across all 9 production repositories.
fact_daily_management_mis,BASE TABLE,NOT USEFUL (Obsolete / Deprecated / Dev / City Shard),NOT_USEFUL (Unreferenced / Orphaned Table),DROP TABLE (Zero Active Connection),969,312 kB,2024-01-01,2026-08-26,Zero direct or indirect connections across all 9 production repositories.
financial_ledger,BASE TABLE,NOT USEFUL (Obsolete / Deprecated / Dev / City Shard),NOT_USEFUL (Unreferenced / Orphaned Table),DROP TABLE (Zero Active Connection),0,16 kB,N/A,N/A,Zero direct or indirect connections across all 9 production repositories.
fleet_performance_daily,BASE TABLE,NOT USEFUL (Obsolete / Deprecated / Dev / City Shard),NOT_USEFUL (Unreferenced / Orphaned Table),DROP TABLE (Zero Active Connection),0,8192 bytes,N/A,N/A,Zero direct or indirect connections across all 9 production repositories.
form_onboarding,BASE TABLE,NOT USEFUL (Obsolete / Deprecated / Dev / City Shard),NOT_USEFUL (Unreferenced / Orphaned Table),DROP TABLE (Zero Active Connection),13,1240 kB,2026-06-30 12:21:46.253153,2026-07-02 12:58:37.450367,Zero direct or indirect connections across all 9 production repositories.
gps_log,BASE TABLE,NOT USEFUL (Obsolete / Deprecated / Dev / City Shard),NOT_USEFUL (Unreferenced / Orphaned Table),DROP TABLE (Zero Active Connection),101557,10 MB,2026-06-15 16:41:19.071995,2026-06-15 16:42:49.548898,Zero direct or indirect connections across all 9 production repositories.
gps_pipeline_logs,BASE TABLE,NOT USEFUL (Obsolete / Deprecated / Dev / City Shard),NOT_USEFUL (Unreferenced / Orphaned Table),DROP TABLE (Zero Active Connection),83,1024 kB,2026-08-31 06:36:49.825537,2026-09-30 02:30:20.085842,Zero direct or indirect connections across all 9 production repositories.
gps_raw_1,BASE TABLE,NOT USEFUL (Obsolete / Deprecated / Dev / City Shard),"NOT_USEFUL (Legacy City-Suffixed Shard - _1, _15, _16)",DROP TABLE / DROP VIEW (Obsolete City Shards),5845,744 kB,2026-03-02,2026-03-08,Legacy per-city sharded table from deprecated architecture. Superseded by unified multi-city tables with city discriminator column.
gps_raw_15,BASE TABLE,NOT USEFUL (Obsolete / Deprecated / Dev / City Shard),"NOT_USEFUL (Legacy City-Suffixed Shard - _1, _15, _16)",DROP TABLE / DROP VIEW (Obsolete City Shards),4578,808 kB,2026-06-29,2026-07-05,Legacy per-city sharded table from deprecated architecture. Superseded by unified multi-city tables with city discriminator column.
gps_raw_16,BASE TABLE,NOT USEFUL (Obsolete / Deprecated / Dev / City Shard),"NOT_USEFUL (Legacy City-Suffixed Shard - _1, _15, _16)",DROP TABLE / DROP VIEW (Obsolete City Shards),968,224 kB,2026-06-29,2026-07-05,Legacy per-city sharded table from deprecated architecture. Superseded by unified multi-city tables with city discriminator column.
gps_test,BASE TABLE,NOT USEFUL (Obsolete / Deprecated / Dev / City Shard),NOT_USEFUL (Unreferenced / Orphaned Table),DROP TABLE (Zero Active Connection),86010,12 MB,2026-08-17 13:49:38.702802,2026-09-30 02:30:19.910706,Zero direct or indirect connections across all 9 production repositories.
hisaab,BASE TABLE,NOT USEFUL (Obsolete / Deprecated / Dev / City Shard),NOT_USEFUL (Unreferenced / Orphaned Table),DROP TABLE (Zero Active Connection),0,16 kB,N/A,N/A,Zero direct or indirect connections across all 9 production repositories.
hisaab_adjustments_ledger,BASE TABLE,USEFUL (Current Production),CURRENT_ACTIVE (Backend Hisaab Engine),KEEP (Active in Production Architecture),16947,24 MB,2026-09-15 22:32:40.472901+00:00,2026-09-30 18:13:52.871038+00:00,Directly integrated with active codebase [backend]. Downstream ledger synchronizing approved adjustments to weekly driver Hisaab billing cycle.
hisaab_daily_ledger,BASE TABLE,USEFUL (Current Production),CURRENT_ACTIVE (Backend Hisaab Engine),KEEP (Active in Production Architecture),68523,123 MB,2026-09-15 11:46:46.361774+00:00,2026-09-29 12:51:32.921815+00:00,"Directly integrated with active codebase [backend]. Consolidated daily settlement ledger uniting daily rent, platform earnings & daily deductions."
hisaab_master,BASE TABLE,NOT USEFUL (Obsolete / Deprecated / Dev / City Shard),NOT_USEFUL (Unreferenced / Orphaned Table),DROP TABLE (Zero Active Connection),3,48 kB,2026-07-02 10:34:36.379292,2026-07-23 10:34:36.379292,Zero direct or indirect connections across all 9 production repositories.
hisaab_partner_opening_balances,BASE TABLE,NOT USEFUL (Obsolete / Deprecated / Dev / City Shard),NOT_USEFUL (Unreferenced / Orphaned Table),DROP TABLE (Zero Active Connection),0,40 kB,N/A,N/A,Zero direct or indirect connections across all 9 production repositories.
hisaab_partner_weekly,BASE TABLE,USEFUL (Current Production),CURRENT_ACTIVE (Backend Hisaab Engine),KEEP (Active in Production Architecture),4893,148 MB,2026-09-15 11:46:46.361774+00:00,2026-09-30 17:45:00.016902+00:00,Directly integrated with active codebase [backend]. Multi-car operator & driver weekly summary rollup with security deposit & payout amounts.
hisaab_settlement_weeks,BASE TABLE,USEFUL (Current Production),CURRENT_ACTIVE (Backend Hisaab Engine),KEEP (Active in Production Architecture),90,128 kB,2026-09-15 11:46:46.361774+00:00,2026-09-28 02:30:00.065459+00:00,"Directly integrated with active codebase [backend]. Master settlement calendar defining annual weekly cycles, start/end dates & cutoff timestamps."
hisaab_summary_1,VIEW,NOT USEFUL (Obsolete / Deprecated / Dev / City Shard),"NOT_USEFUL (Legacy City-Suffixed Shard - _1, _15, _16)",DROP TABLE / DROP VIEW (Obsolete City Shards),N/A,0 bytes,N/A,N/A,Legacy per-city sharded table from deprecated architecture. Superseded by unified multi-city tables with city discriminator column.
hisaab_summary_15,VIEW,NOT USEFUL (Obsolete / Deprecated / Dev / City Shard),"NOT_USEFUL (Legacy City-Suffixed Shard - _1, _15, _16)",DROP TABLE / DROP VIEW (Obsolete City Shards),N/A,0 bytes,N/A,N/A,Legacy per-city sharded table from deprecated architecture. Superseded by unified multi-city tables with city discriminator column.
hisaab_summary_16,VIEW,NOT USEFUL (Obsolete / Deprecated / Dev / City Shard),"NOT_USEFUL (Legacy City-Suffixed Shard - _1, _15, _16)",DROP TABLE / DROP VIEW (Obsolete City Shards),N/A,0 bytes,N/A,N/A,Legacy per-city sharded table from deprecated architecture. Superseded by unified multi-city tables with city discriminator column.
hisaab_system_config,BASE TABLE,NOT USEFUL (Obsolete / Deprecated / Dev / City Shard),NOT_USEFUL (Unreferenced / Orphaned Table),DROP TABLE (Zero Active Connection),2,32 kB,2026-09-16 09:14:15.374314+00:00,N/A,Zero direct or indirect connections across all 9 production repositories.
hisaab_vehicle_payout_weekly,BASE TABLE,USEFUL (Current Production),CURRENT_ACTIVE (Backend Hisaab Engine),KEEP (Active in Production Architecture),16794,10232 kB,2026-09-28 17:16:38.367693+00:00,2026-09-29 18:36:55.993473+00:00,Directly integrated with active codebase [backend]. Operational weekly payout table frozen at Monday 11:00 AM IST cutoff.
hisaab_vehicle_weekly,BASE TABLE,USEFUL (Current Production),CURRENT_ACTIVE (Backend Hisaab Engine),KEEP (Active in Production Architecture),10761,15 MB,2026-09-21 08:54:21.939022+00:00,2026-09-30 17:45:00.016902+00:00,"Directly integrated with active codebase [backend, portaljuly]. Weekly vehicle-level settlement statement combining attendance, rent, revenue, challans, payout."
hisaab_weekly_reconciliation_master,BASE TABLE,USEFUL (Current Production),CURRENT_ACTIVE (Backend Hisaab Engine),KEEP (Active in Production Architecture),1695,1096 kB,2026-09-29 18:36:55.993473+00:00,2026-09-29 18:36:55.993473+00:00,"Directly integrated with active codebase [backend, portaljuly]. Audit and reconciliation master table for weekly settlement parity."
hubs_and_parking,BASE TABLE,NOT USEFUL (Obsolete / Deprecated / Dev / City Shard),NOT_USEFUL (Legacy Table Superseded by core_ / july_),DROP TABLE (Obsolete Entity),8,32 kB,2026-06-03 23:31:30.162505,2026-06-03 23:31:30.162505,Legacy standalone entity from older schema. Completely superseded by core_hubs_and_parking or july_hubs_and_parking.
hubs_parking,BASE TABLE,NOT USEFUL (Obsolete / Deprecated / Dev / City Shard),NOT_USEFUL (Legacy Table Superseded by core_ / july_),DROP TABLE (Obsolete Entity),3,32 kB,2026-08-20 05:48:05.136690,2026-08-20 05:48:05.136690,Legacy standalone entity from older schema. Completely superseded by core_hubs_parking or july_hubs_parking.
inspections,BASE TABLE,NOT USEFUL (Obsolete / Deprecated / Dev / City Shard),NOT_USEFUL (Unreferenced / Orphaned Table),DROP TABLE (Zero Active Connection),4,32 kB,2026-07-02 13:33:00.917410,2026-07-02 13:33:00.917410,Zero direct or indirect connections across all 9 production repositories.
insurance_claims,BASE TABLE,NOT USEFUL (Obsolete / Deprecated / Dev / City Shard),NOT_USEFUL (Legacy Table Superseded by core_ / july_),DROP TABLE (Obsolete Entity),0,16 kB,N/A,N/A,Legacy standalone entity from older schema. Completely superseded by core_insurance_claims or july_insurance_claims.
july_accidents_registry,BASE TABLE,USEFUL (Current Production),CURRENT_ACTIVE (PortalJuly Operations),KEEP (Active in Production Architecture),5,32 kB,2026-07-02 13:24:32.312003,2026-08-05 18:21:18.551420,"Directly integrated with active codebase [portaljuly, backend]. Accident reports, photographic damage evidence, insurance claims & penalty assessments."
july_allocation_form,BASE TABLE,USEFUL (Current Production),CURRENT_ACTIVE (PortalJuly Operations),KEEP (Active in Production Architecture),676,62 MB,2026-08-04 12:47:17.356032+00:00,2026-09-30 12:11:05.432307+00:00,"Directly integrated with active codebase [portaljuly, backend]. Vehicle allocation agreements assigning vehicle to driver/operator, deposit & start odometer."
july_allocation_form_logs,BASE TABLE,USEFUL (Current Production),CURRENT_ACTIVE (PortalJuly Operations),KEEP (Active in Production Architecture),504,4440 kB,2026-08-04,2026-09-30,Directly integrated with active codebase [portaljuly]. Audit log of allocation changes and agreement updates.
july_app_sessions,BASE TABLE,USEFUL (Current Production),CURRENT_ACTIVE (PortalJuly Auth),KEEP (Active in Production Architecture),531,80 kB,2026-06-30 10:57:55.592044,2026-07-06 09:09:33.941236,"Directly integrated with active codebase [portaljuly]. Active bearer session tokens, login session validation & expiration tracking."
july_app_users,BASE TABLE,USEFUL (Current Production),CURRENT_ACTIVE (PortalJuly Auth),KEEP (Active in Production Architecture),10,32 kB,2026-06-30 08:49:23.526703,2026-07-06 09:06:36.396499,Directly integrated with active codebase [portaljuly]. Dedicated application login credentials linking portal users to RBAC roles.
july_approval_chain_logs,BASE TABLE,USEFUL (Current Production),CURRENT_ACTIVE (PortalJuly Approvals),KEEP (Active in Production Architecture),370,96 kB,N/A,2026-09-21 05:11:38.513123+00:00,"Directly integrated with active codebase [portaljuly]. Immutable audit trail of all approval decisions, approvals, rejections & remarks."
july_cities,BASE TABLE,USEFUL (Current Production),CURRENT_ACTIVE (PortalJuly Fleet),KEEP (Active in Production Architecture),4,48 kB,2026-09-30 17:06:27.632723+00:00,2026-09-30 17:06:27.632723+00:00,"Directly integrated with active codebase [portaljuly]. Operational cities master list (Delhi NCR, Bengaluru, Hyderabad, Mumbai)."
july_driver_onboarding,BASE TABLE,USEFUL (Current Production),CURRENT_ACTIVE (PortalJuly Onboarding),KEEP (Active in Production Architecture),1483,1952 kB,2026-06-08 11:45:43.131581,2026-08-05 10:41:38.471169,Directly integrated with active codebase [portaljuly]. Validated driver records referenced during vehicle allocation.
july_driver_tickets,BASE TABLE,NOT USEFUL (Obsolete / Deprecated / Dev / City Shard),NOT_USEFUL (Unreferenced / Orphaned Table),DROP TABLE (Zero Active Connection),0,32 kB,N/A,N/A,Zero direct or indirect connections across all 9 production repositories.
july_driver_users,BASE TABLE,USEFUL (Current Production),CURRENT_ACTIVE (Cashfree Portal Auth),KEEP (Active in Production Architecture),6,72 kB,2026-08-06 09:12:51.281268+00:00,2026-08-10 13:56:51.548446+00:00,Directly integrated with active codebase [cashfree-web_portal]. Driver portal login credentials and phone mapping.
july_employees,BASE TABLE,USEFUL (Current Production),CURRENT_ACTIVE (PortalJuly Auth),KEEP (Active in Production Architecture),84,88 kB,2026-07-30 10:28:25.177322+00:00,2026-09-25 09:52:58.309275+00:00,"Directly integrated with active codebase [portaljuly, backend]. Internal staff directory (name, company email, phone, department, operational city)."
july_existing_walkins,BASE TABLE,USEFUL (Current Production),CURRENT_ACTIVE (PortalJuly Walkins),KEEP (Active in Production Architecture),8,64 kB,2026-08-05 10:37:15.877342,2026-08-06 19:04:54.250852,"Directly integrated with active codebase [portaljuly, backend]. Returning driver walk-ins requesting vehicle re-allocation."
july_fleet_operator_summary,BASE TABLE,NOT USEFUL (Obsolete / Deprecated / Dev / City Shard),NOT_USEFUL (Unreferenced / Orphaned Table),DROP TABLE (Zero Active Connection),1,40 kB,2026-08-11 08:32:38.130789+00:00,N/A,Zero direct or indirect connections across all 9 production repositories.
july_form_onboarding,BASE TABLE,USEFUL (Current Production),CURRENT_ACTIVE (PortalJuly Onboarding),KEEP (Active in Production Architecture),187,3752 kB,2026-07-31 16:12:20.329453,2026-09-30 09:59:14.717344,"Directly integrated with active codebase [portaljuly, backend]. Comprehensive driver/operator onboarding applications & KYC document metadata."
july_hisaab_weekly_statement,BASE TABLE,USEFUL (Current Production),CURRENT_ACTIVE (PortalJuly Finance),KEEP (Active in Production Architecture),2364,2928 kB,2026-08-10 09:42:10.406794+00:00,2026-08-11 10:20:33.844613+00:00,Directly integrated with active codebase [portaljuly]. Weekly partner hisaab statement presentation and dispute logging.
july_hubs_parking,BASE TABLE,USEFUL (Current Production),CURRENT_ACTIVE (PortalJuly Fleet),KEEP (Active in Production Architecture),3,32 kB,2026-08-03 06:54:07.873244,2026-08-03 06:54:07.873244,"Directly integrated with active codebase [portaljuly]. Fleet parking facilities, hubs, capacity, addresses & hub managers."
july_inspections,BASE TABLE,USEFUL (Current Production),CURRENT_ACTIVE (PortalJuly Operations),KEEP (Active in Production Architecture),97,64 kB,2026-09-23 08:17:03.845374,2026-09-30 12:43:02.131805,"Directly integrated with active codebase [portaljuly]. Physical periodic audits and condition checklists (tyres, body, lights, toolkit)."
july_maintenance_in,BASE TABLE,USEFUL (Current Production),CURRENT_ACTIVE (PortalJuly Operations),KEEP (Active in Production Architecture),12,48 kB,2026-09-07 08:24:51.630389,2026-09-27 19:25:24.558136,"Directly integrated with active codebase [portaljuly, backend]. Workshop check-in slips recording intake odometer, breakdown symptoms & workshop."
july_maintenance_out,BASE TABLE,USEFUL (Current Production),CURRENT_ACTIVE (PortalJuly Operations),KEEP (Active in Production Architecture),9,64 kB,2026-09-07 08:40:58.610347,2026-09-27 19:27:35.155715,"Directly integrated with active codebase [portaljuly, backend]. Workshop check-out slips recording invoice numbers, replaced parts & actual costs."
july_maintenance_registry,BASE TABLE,USEFUL (Current Production),CURRENT_ACTIVE (PortalJuly Operations),KEEP (Active in Production Architecture),5,32 kB,2026-07-03 12:00:06.748061,2026-08-05 18:21:18.551420,"Directly integrated with active codebase [portaljuly]. Maintenance incident master tracking repair job cards, estimated costs & workshop approvals."
july_new_walkins,BASE TABLE,USEFUL (Current Production),CURRENT_ACTIVE (PortalJuly Walkins),KEEP (Active in Production Architecture),99,6952 kB,2026-02-05 10:30:00,2026-09-30 14:47:35.313084,"Directly integrated with active codebase [portaljuly, backend]. First-time walk-in candidate registration and qualifications."
july_notifications,BASE TABLE,NOT USEFUL (Obsolete / Deprecated / Dev / City Shard),NOT_USEFUL (Unreferenced / Orphaned Table),DROP TABLE (Zero Active Connection),0,32 kB,N/A,N/A,Zero direct or indirect connections across all 9 production repositories.
july_ola_incentive,BASE TABLE,USEFUL (Current Production),CURRENT_ACTIVE (Cashfree Portal Staging),KEEP (Active in Production Architecture),216,184 kB,2026-08-10 07:29:11.665922+00:00,2026-08-18 04:46:37.032068+00:00,Directly integrated with active codebase [cashfree-web_portal]. Incentive bonus rows parsed from Ola partner statements.
july_ola_raw,BASE TABLE,USEFUL (Current Production),CURRENT_ACTIVE (Cashfree Portal Staging),KEEP (Active in Production Architecture),1139,2088 kB,2026-08-10 07:29:11.665922+00:00,2026-08-18 04:46:37.032068+00:00,Directly integrated with active codebase [cashfree-web_portal]. Raw extracted transaction rows loaded from Ola fleet statement XLSX/CSV files.
july_ola_weekly_summary,BASE TABLE,USEFUL (Current Production),CURRENT_ACTIVE (Cashfree Portal Staging),KEEP (Active in Production Architecture),216,168 kB,2026-08-10 07:29:11.665922+00:00,2026-08-18 04:46:37.032068+00:00,"Directly integrated with active codebase [cashfree-web_portal]. Aggregated weekly driver revenue, commissions & ride counts from Ola."
july_onboarding,BASE TABLE,USEFUL (Current Production),CURRENT_ACTIVE (PortalJuly Onboarding),KEEP (Active in Production Architecture),76,128 kB,2026-07-31 10:42:20.329453+00:00,2026-09-23 05:55:02.403193,"Directly integrated with active codebase [portaljuly, cashfree-web_portal]. Onboarding master view queried for MIS dashboard counts and approval aggregation."
july_onboarding_logs,BASE TABLE,USEFUL (Current Production),CURRENT_ACTIVE (PortalJuly Onboarding),KEEP (Active in Production Architecture),287,96 kB,2026-08-04 12:35:40.357581,2026-09-30 09:59:14.717344,"Directly integrated with active codebase [portaljuly]. Audit logs of onboarding draft changes, verification steps & status updates."
july_operator_users,BASE TABLE,USEFUL (Current Production),CURRENT_ACTIVE (Cashfree Portal Auth),KEEP (Active in Production Architecture),2,72 kB,2026-08-06 09:12:51.542303+00:00,2026-08-10 13:56:51.603587+00:00,Directly integrated with active codebase [cashfree-web_portal]. Operator portal login credentials and phone mapping.
july_partner_adjustment,BASE TABLE,USEFUL (Current Production),CURRENT_ACTIVE (PortalJuly Finance),KEEP (Active in Production Architecture),18,264 kB,2026-07-01 10:08:48.993167,2026-09-30 10:30:54.622251,"Directly integrated with active codebase [portaljuly, backend]. Financial adjustments (incentive bonuses, toll credits, penalties, uniform deductions)."
july_partner_expenses,BASE TABLE,USEFUL (Current Production),CURRENT_ACTIVE (PortalJuly Finance),KEEP (Active in Production Architecture),10,32 kB,2026-07-01 11:05:17.584481,2026-07-01 11:05:17.584481,"Directly integrated with active codebase [portaljuly]. Operations field expenses (emergency repairs, fuel, towing, vehicle washing)."
july_permissions,BASE TABLE,USEFUL (Current Production),CURRENT_ACTIVE (PortalJuly RBAC),KEEP (Active in Production Architecture),39,88 kB,N/A,2026-07-30 09:58:30.530318+00:00,Directly integrated with active codebase [portaljuly]. Legacy permission definitions catalogue.
july_portal_users,BASE TABLE,USEFUL (Current Production),CURRENT_ACTIVE (PortalJuly Auth),KEEP (Active in Production Architecture),68,120 kB,2026-07-30 10:28:25.308910+00:00,2026-09-25 09:52:58.309275+00:00,"Directly integrated with active codebase [portaljuly, backend]. Primary user profile table, password hashes, executive departments & role mappings."
july_referrals,BASE TABLE,NOT USEFUL (Obsolete / Deprecated / Dev / City Shard),NOT_USEFUL (Unreferenced / Orphaned Table),DROP TABLE (Zero Active Connection),0,8192 bytes,N/A,N/A,Zero direct or indirect connections across all 9 production repositories.
july_rent_ledger,BASE TABLE,USEFUL (Current Production),CURRENT_ACTIVE (PortalJuly Finance),KEEP (Active in Production Architecture),0,8192 bytes,N/A,N/A,Directly integrated with active codebase [portaljuly]. Immutable ledger recording historical rent revisions (old vs new amount).
july_rents,BASE TABLE,USEFUL (Current Production),CURRENT_ACTIVE (PortalJuly Finance),KEEP (Active in Production Architecture),0,16 kB,N/A,N/A,"Directly integrated with active codebase [portaljuly]. Rental rate pricing matrix by vehicle model, fuel type, rental plan & city."
july_role_permissions,BASE TABLE,USEFUL (Current Production),CURRENT_ACTIVE (PortalJuly RBAC),KEEP (Active in Production Architecture),163,72 kB,N/A,2026-07-31 09:22:56.364851+00:00,Directly integrated with active codebase [portaljuly]. Junction table mapping july_roles to july_permissions.
july_roles,BASE TABLE,USEFUL (Current Production),CURRENT_ACTIVE (PortalJuly RBAC),KEEP (Active in Production Architecture),27,88 kB,2026-07-30 10:00:07.292578+00:00,2026-08-20 07:09:50.451345+00:00,Directly integrated with active codebase [portaljuly]. Parallel roles table used for legacy join compatibility & approval chain resolution.
july_tickets,BASE TABLE,USEFUL (Current Production),CURRENT_ACTIVE (PortalJuly Support),KEEP (Active in Production Architecture),3,48 kB,2026-07-30 10:48:57.271019+00:00,2026-08-05 18:21:18.551420,"Directly integrated with active codebase [portaljuly]. Internal support tickets, operations issues, categories & resolution logs."
july_traffic_challans,BASE TABLE,USEFUL (Current Production),CURRENT_ACTIVE (PortalJuly Operations),KEEP (Active in Production Architecture),0,24 kB,N/A,N/A,"Directly integrated with active codebase [portaljuly]. Traffic fines & e-challans tracking, offence descriptions & driver recovery."
july_user_approval_chain,BASE TABLE,USEFUL (Current Production),CURRENT_ACTIVE (PortalJuly Approvals),KEEP (Active in Production Architecture),62,40 kB,2026-08-20 07:03:03.100045,2026-08-20 07:03:23.234838,Directly integrated with active codebase [portaljuly]. Multi-tier approval routing rules mapping submitter roles to L1/L2/L3 approver roles.
july_user_form_access,BASE TABLE,USEFUL (Current Production),CURRENT_ACTIVE (PortalJuly RBAC),KEEP (Active in Production Architecture),416,128 kB,2026-08-20 07:03:03.100045,2026-09-25 09:52:58.309275,Directly integrated with active codebase [portaljuly]. Per-user form accessibility matrix and UI visibility overrides.
july_user_login_logs,BASE TABLE,USEFUL (Current Production),CURRENT_ACTIVE (PortalJuly Audit),KEEP (Active in Production Architecture),543,216 kB,2026-08-04 05:24:19.563821+00:00,2026-09-30 15:50:41.132528+00:00,"Directly integrated with active codebase [portaljuly]. Audit trail recording login/logout timestamps, client IP addresses & user-agents."
july_user_permission_overrides,BASE TABLE,NOT USEFUL (Obsolete / Deprecated / Dev / City Shard),NOT_USEFUL (Unreferenced / Orphaned Table),DROP TABLE (Zero Active Connection),0,16 kB,N/A,N/A,Zero direct or indirect connections across all 9 production repositories.
july_v_kpi_summary,VIEW,USEFUL (Current Production),CURRENT_ACTIVE (PortalJuly View),KEEP (Active in Production Architecture),N/A,0 bytes,N/A,N/A,Directly integrated with active codebase [portaljuly]. Active portal operational KPI dashboard rollup view.
july_vehicle_dropoffs,BASE TABLE,USEFUL (Current Production),CURRENT_ACTIVE (PortalJuly Operations),KEEP (Active in Production Architecture),252,1888 kB,2026-08-04 12:51:02.175680+00:00,2026-09-30 12:09:18.468127+00:00,"Directly integrated with active codebase [portaljuly, backend]. Vehicle return inspection, handover odometer, fuel check, damage liabilities & status release."
july_vehicle_logs,BASE TABLE,USEFUL (Current Production),CURRENT_ACTIVE (PortalJuly Audit),KEEP (Active in Production Architecture),7,32 kB,N/A,N/A,Directly integrated with active codebase [portaljuly]. Vehicle state transition audit logs.
july_vehicle_models,BASE TABLE,USEFUL (Current Production),CURRENT_ACTIVE (PortalJuly Fleet),KEEP (Active in Production Architecture),0,16 kB,N/A,N/A,"Directly integrated with active codebase [portaljuly]. Vehicle model specifications (make, model, EV/CNG/Petrol, battery capacity)."
july_vehicle_onboarding,BASE TABLE,USEFUL (Current Production),CURRENT_ACTIVE (PortalJuly Fleet),KEEP (Active in Production Architecture),8,64 kB,2026-08-10 12:29:49.912457,2026-08-24 10:16:34.833853,"Directly integrated with active codebase [portaljuly, backend, cashfree-web_portal]. Master vehicle fleet inventory (registration number, chassis, status, FASTag, GPS, insurance)."
july_vehicle_onboarding_1,BASE TABLE,NOT USEFUL (Obsolete / Deprecated / Dev / City Shard),"NOT_USEFUL (Legacy City-Suffixed Shard - _1, _15, _16)",DROP TABLE / DROP VIEW (Obsolete City Shards),2,32 kB,2026-08-04 10:53:34.007060,2026-08-04 11:10:27.272695,Legacy per-city sharded table from deprecated architecture. Superseded by unified multi-city tables with city discriminator column.
july_vehicle_onboarding_1_logs,BASE TABLE,NOT USEFUL (Obsolete / Deprecated / Dev / City Shard),"NOT_USEFUL (Legacy City-Suffixed Shard - _1, _15, _16)",DROP TABLE / DROP VIEW (Obsolete City Shards),3,32 kB,N/A,N/A,Legacy per-city sharded table from deprecated architecture. Superseded by unified multi-city tables with city discriminator column.
july_vehicles,BASE TABLE,NOT USEFUL (Obsolete / Deprecated / Dev / City Shard),NOT_USEFUL (Unreferenced / Orphaned Table),DROP TABLE (Zero Active Connection),7,48 kB,2026-07-30 10:48:57.110741+00:00,2026-08-05 18:21:18.551420,Zero direct or indirect connections across all 9 production repositories.
july_walkin_form_links,BASE TABLE,USEFUL (Current Production),CURRENT_ACTIVE (PortalJuly Walkins),KEEP (Active in Production Architecture),147,24 kB,N/A,2026-09-02 17:48:44.850108+00:00,Directly integrated with active codebase [portaljuly]. Junction table linking walk-in leads to partner onboarding forms.
july_walkin_logs,BASE TABLE,USEFUL (Current Production),CURRENT_ACTIVE (PortalJuly Walkins),KEEP (Active in Production Architecture),105,160 kB,N/A,2026-09-26 09:46:40.598511+00:00,Directly integrated with active codebase [portaljuly]. Historical action log and remarks for walk-in status updates.
july_walkin_onboarding_links,BASE TABLE,USEFUL (Current Production),CURRENT_ACTIVE (PortalJuly Walkins),KEEP (Active in Production Architecture),0,8192 bytes,N/A,N/A,Directly integrated with active codebase [portaljuly]. Relational foreign-key mapping between walkin records and onboarding entries.
july_walkins,BASE TABLE,USEFUL (Current Production),CURRENT_ACTIVE (PortalJuly Walkins),KEEP (Active in Production Architecture),149,136 kB,2026-08-05 17:03:39.414825,2026-09-30 09:59:14.717344,"Directly integrated with active codebase [portaljuly]. Master walk-in lead capture registry, executive attribution & follow-ups."
july_workshop_vendors,BASE TABLE,USEFUL (Current Production),CURRENT_ACTIVE (PortalJuly Fleet),KEEP (Active in Production Architecture),0,16 kB,N/A,N/A,"Directly integrated with active codebase [portaljuly]. Service centers, maintenance workshops, GSTIN, specialization & vendor contacts."
legacy_hisaab_vehicle_weekly,BASE TABLE,NOT USEFUL (Obsolete / Deprecated / Dev / City Shard),NOT_USEFUL (Legacy Archived Table),DROP TABLE / ARCHIVE,12150,4264 kB,2026-09-15 11:46:46.361774+00:00,2026-09-21 05:00:00.021797+00:00,Explicitly marked historical archive table. Replaced by modern hisaab_vehicle_weekly engine.
live_sheet_driver_platforms,BASE TABLE,NOT USEFUL (Obsolete / Deprecated / Dev / City Shard),NOT_USEFUL (Unreferenced / Orphaned Table),DROP TABLE (Zero Active Connection),0,8192 bytes,N/A,N/A,Zero direct or indirect connections across all 9 production repositories.
lr_allocation_master,BASE TABLE,NOT USEFUL (Obsolete / Deprecated / Dev / City Shard),NOT_USEFUL (Obsolete LetzRyd v1 lr_ Schema),DROP TABLE (Deprecated v1 Schema),0,56 kB,N/A,N/A,Deprecated LetzRyd v1 schema from early 2026. Fully replaced by core_* fleet tables and july_* portal tables.
lr_audit_logs,BASE TABLE,NOT USEFUL (Obsolete / Deprecated / Dev / City Shard),NOT_USEFUL (Obsolete LetzRyd v1 lr_ Schema),DROP TABLE (Deprecated v1 Schema),0,24 kB,N/A,N/A,Deprecated LetzRyd v1 schema from early 2026. Fully replaced by core_* fleet tables and july_* portal tables.
lr_drivers,BASE TABLE,NOT USEFUL (Obsolete / Deprecated / Dev / City Shard),NOT_USEFUL (Obsolete LetzRyd v1 lr_ Schema),DROP TABLE (Deprecated v1 Schema),5,160 kB,2026-08-07 05:40:25.241394+00:00,2026-08-07 06:09:34.961926+00:00,Deprecated LetzRyd v1 schema from early 2026. Fully replaced by core_* fleet tables and july_* portal tables.
lr_gps_mileage_logs,BASE TABLE,NOT USEFUL (Obsolete / Deprecated / Dev / City Shard),NOT_USEFUL (Obsolete LetzRyd v1 lr_ Schema),DROP TABLE (Deprecated v1 Schema),0,16 kB,N/A,N/A,Deprecated LetzRyd v1 schema from early 2026. Fully replaced by core_* fleet tables and july_* portal tables.
lr_hisaab_platform_earnings,BASE TABLE,NOT USEFUL (Obsolete / Deprecated / Dev / City Shard),NOT_USEFUL (Obsolete LetzRyd v1 lr_ Schema),DROP TABLE (Deprecated v1 Schema),6,40 kB,2026-08-07 06:09:04.502616+00:00,2026-08-07 06:09:04.728790+00:00,Deprecated LetzRyd v1 schema from early 2026. Fully replaced by core_* fleet tables and july_* portal tables.
lr_notifications,BASE TABLE,NOT USEFUL (Obsolete / Deprecated / Dev / City Shard),NOT_USEFUL (Obsolete LetzRyd v1 lr_ Schema),DROP TABLE (Deprecated v1 Schema),0,24 kB,N/A,N/A,Deprecated LetzRyd v1 schema from early 2026. Fully replaced by core_* fleet tables and july_* portal tables.
lr_operators,BASE TABLE,NOT USEFUL (Obsolete / Deprecated / Dev / City Shard),NOT_USEFUL (Obsolete LetzRyd v1 lr_ Schema),DROP TABLE (Deprecated v1 Schema),2,128 kB,2026-08-07 05:40:25.292625+00:00,2026-08-07 06:09:34.797729+00:00,Deprecated LetzRyd v1 schema from early 2026. Fully replaced by core_* fleet tables and july_* portal tables.
lr_platform_weekly_earnings,BASE TABLE,NOT USEFUL (Obsolete / Deprecated / Dev / City Shard),NOT_USEFUL (Obsolete LetzRyd v1 lr_ Schema),DROP TABLE (Deprecated v1 Schema),0,16 kB,N/A,N/A,Deprecated LetzRyd v1 schema from early 2026. Fully replaced by core_* fleet tables and july_* portal tables.
lr_portal_users,BASE TABLE,NOT USEFUL (Obsolete / Deprecated / Dev / City Shard),NOT_USEFUL (Obsolete LetzRyd v1 lr_ Schema),DROP TABLE (Deprecated v1 Schema),5,64 kB,2026-08-07 05:40:24.911594+00:00,2026-08-07 05:40:25.188315+00:00,Deprecated LetzRyd v1 schema from early 2026. Fully replaced by core_* fleet tables and july_* portal tables.
lr_referrals,BASE TABLE,NOT USEFUL (Obsolete / Deprecated / Dev / City Shard),NOT_USEFUL (Obsolete LetzRyd v1 lr_ Schema),DROP TABLE (Deprecated v1 Schema),1,24 kB,2026-08-07 06:09:35.388642+00:00,2026-08-07 06:09:35.388642+00:00,Deprecated LetzRyd v1 schema from early 2026. Fully replaced by core_* fleet tables and july_* portal tables.
lr_sos_alerts,BASE TABLE,NOT USEFUL (Obsolete / Deprecated / Dev / City Shard),NOT_USEFUL (Obsolete LetzRyd v1 lr_ Schema),DROP TABLE (Deprecated v1 Schema),0,16 kB,N/A,N/A,Deprecated LetzRyd v1 schema from early 2026. Fully replaced by core_* fleet tables and july_* portal tables.
lr_tickets,BASE TABLE,NOT USEFUL (Obsolete / Deprecated / Dev / City Shard),NOT_USEFUL (Obsolete LetzRyd v1 lr_ Schema),DROP TABLE (Deprecated v1 Schema),1,80 kB,2026-08-07 06:09:04.754221+00:00,2026-08-07 06:09:04.754221+00:00,Deprecated LetzRyd v1 schema from early 2026. Fully replaced by core_* fleet tables and july_* portal tables.
lr_user_audit_logs,BASE TABLE,NOT USEFUL (Obsolete / Deprecated / Dev / City Shard),NOT_USEFUL (Obsolete LetzRyd v1 lr_ Schema),DROP TABLE (Deprecated v1 Schema),25,96 kB,2026-08-07 06:32:27.435267+00:00,2026-08-10 13:56:52.078251+00:00,Deprecated LetzRyd v1 schema from early 2026. Fully replaced by core_* fleet tables and july_* portal tables.
lr_vehicle_allocations,BASE TABLE,NOT USEFUL (Obsolete / Deprecated / Dev / City Shard),NOT_USEFUL (Obsolete LetzRyd v1 lr_ Schema),DROP TABLE (Deprecated v1 Schema),0,32 kB,N/A,N/A,Deprecated LetzRyd v1 schema from early 2026. Fully replaced by core_* fleet tables and july_* portal tables.
lr_vehicle_platform_authorizations,BASE TABLE,NOT USEFUL (Obsolete / Deprecated / Dev / City Shard),NOT_USEFUL (Obsolete LetzRyd v1 lr_ Schema),DROP TABLE (Deprecated v1 Schema),0,16 kB,N/A,N/A,Deprecated LetzRyd v1 schema from early 2026. Fully replaced by core_* fleet tables and july_* portal tables.
lr_vehicles,BASE TABLE,NOT USEFUL (Obsolete / Deprecated / Dev / City Shard),NOT_USEFUL (Obsolete LetzRyd v1 lr_ Schema),DROP TABLE (Deprecated v1 Schema),1,64 kB,2026-08-07 05:40:25.375414+00:00,2026-08-07 05:40:25.375414+00:00,Deprecated LetzRyd v1 schema from early 2026. Fully replaced by core_* fleet tables and july_* portal tables.
lr_weekly_hisaabs,BASE TABLE,NOT USEFUL (Obsolete / Deprecated / Dev / City Shard),NOT_USEFUL (Obsolete LetzRyd v1 lr_ Schema),DROP TABLE (Deprecated v1 Schema),3,112 kB,2026-08-07 06:09:04.451171+00:00,2026-08-07 06:09:04.656596+00:00,Deprecated LetzRyd v1 schema from early 2026. Fully replaced by core_* fleet tables and july_* portal tables.
lr_weekly_incentive_goals,BASE TABLE,NOT USEFUL (Obsolete / Deprecated / Dev / City Shard),NOT_USEFUL (Obsolete LetzRyd v1 lr_ Schema),DROP TABLE (Deprecated v1 Schema),0,8192 bytes,N/A,N/A,Deprecated LetzRyd v1 schema from early 2026. Fully replaced by core_* fleet tables and july_* portal tables.
maintenance_invoices,BASE TABLE,NOT USEFUL (Obsolete / Deprecated / Dev / City Shard),NOT_USEFUL (Legacy Table Superseded by core_ / july_),DROP TABLE (Obsolete Entity),0,16 kB,N/A,2026-06-04 11:48:57.079480+00:00,Legacy standalone entity from older schema. Completely superseded by core_maintenance_invoices or july_maintenance_invoices.
maintenance_logs,BASE TABLE,NOT USEFUL (Obsolete / Deprecated / Dev / City Shard),NOT_USEFUL (Unreferenced / Orphaned Table),DROP TABLE (Zero Active Connection),11181,1280 kB,2026-06-09 10:05:41.843605,2026-06-09 10:05:56.494338,Zero direct or indirect connections across all 9 production repositories.
maintenance_pipeline,BASE TABLE,NOT USEFUL (Obsolete / Deprecated / Dev / City Shard),NOT_USEFUL (Legacy Table Superseded by core_ / july_),DROP TABLE (Obsolete Entity),0,24 kB,N/A,2026-06-04 11:47:57.063084+00:00,Legacy standalone entity from older schema. Completely superseded by core_maintenance_pipeline or july_maintenance_pipeline.
maintenance_registry,BASE TABLE,NOT USEFUL (Obsolete / Deprecated / Dev / City Shard),NOT_USEFUL (Legacy Table Superseded by core_ / july_),DROP TABLE (Obsolete Entity),5,32 kB,2026-07-03 12:00:06.748061,2026-07-03 12:00:06.748061,Legacy standalone entity from older schema. Completely superseded by core_maintenance_registry or july_maintenance_registry.
maintenance_summary,BASE TABLE,NOT USEFUL (Obsolete / Deprecated / Dev / City Shard),NOT_USEFUL (Legacy Table Superseded by core_ / july_),DROP TABLE (Obsolete Entity),0,8192 bytes,N/A,N/A,Legacy standalone entity from older schema. Completely superseded by core_maintenance_summary or july_maintenance_summary.
media_attachments,BASE TABLE,NOT USEFUL (Obsolete / Deprecated / Dev / City Shard),NOT_USEFUL (Legacy Table Superseded by core_ / july_),DROP TABLE (Obsolete Entity),0,16 kB,N/A,N/A,Legacy standalone entity from older schema. Completely superseded by core_media_attachments or july_media_attachments.
mv_fact_mis_unpivoted,VIEW,NOT USEFUL (Obsolete / Deprecated / Dev / City Shard),NOT_USEFUL (Orphaned / Legacy View),DROP VIEW (Unused Legacy View),N/A,2768 kB,N/A,2026-08-27 11:49:04.747470+00:00,Deprecated legacy database view (old city view or Looker report) with zero consumers in current portal/backend.
mv_looker_mis_unpivoted,VIEW,NOT USEFUL (Obsolete / Deprecated / Dev / City Shard),NOT_USEFUL (Orphaned / Legacy View),DROP VIEW (Unused Legacy View),N/A,744 kB,N/A,2026-08-25 08:45:35.719529+00:00,Deprecated legacy database view (old city view or Looker report) with zero consumers in current portal/backend.
ola_audit_diff_crns,BASE TABLE,USEFUL (Current Production),CURRENT_ACTIVE (Ola Pipeline),KEEP (Active in Production Architecture),0,152 kB,N/A,2026-09-22 06:59:59.476246+00:00,Directly integrated with active codebase [ola]. Stores discrepancies generated during Tuesday reconciliation (Monday baseline vs Tuesday final).
ola_audit_diff_transactions,BASE TABLE,USEFUL (Current Production),CURRENT_ACTIVE (Ola Pipeline),KEEP (Active in Production Architecture),0,64 kB,N/A,2026-09-22 06:59:59.458691+00:00,Directly integrated with active codebase [ola]. Stores financial ledger discrepancies identified via bucket matching.
ola_car_performance,BASE TABLE,NOT USEFUL (Obsolete / Deprecated / Dev / City Shard),NOT_USEFUL (Abandoned Pipeline / Scraper Dump),DROP TABLE (Dead Pipeline Storage),5079,1896 kB,2026-06-21,2026-07-01,Abandoned scraper / ETL dump from earlier pipeline versions. Current pipelines write to uber_pipeline_* and ola_raw_*.
ola_driver_bookings_cancellations,BASE TABLE,NOT USEFUL (Obsolete / Deprecated / Dev / City Shard),NOT_USEFUL (Abandoned Pipeline / Scraper Dump),DROP TABLE (Dead Pipeline Storage),80581,42 MB,2026-06-20 00:03:19,2026-07-01 13:05:49,Abandoned scraper / ETL dump from earlier pipeline versions. Current pipelines write to uber_pipeline_* and ola_raw_*.
ola_driver_performance,BASE TABLE,NOT USEFUL (Obsolete / Deprecated / Dev / City Shard),NOT_USEFUL (Abandoned Pipeline / Scraper Dump),DROP TABLE (Dead Pipeline Storage),7094,2952 kB,N/A,2026-07-01 11:53:26.020624+00:00,Abandoned scraper / ETL dump from earlier pipeline versions. Current pipelines write to uber_pipeline_* and ola_raw_*.
ola_incentive_1,BASE TABLE,NOT USEFUL (Obsolete / Deprecated / Dev / City Shard),"NOT_USEFUL (Legacy City-Suffixed Shard - _1, _15, _16)",DROP TABLE / DROP VIEW (Obsolete City Shards),0,16 kB,N/A,N/A,Legacy per-city sharded table from deprecated architecture. Superseded by unified multi-city tables with city discriminator column.
ola_incentive_15,BASE TABLE,NOT USEFUL (Obsolete / Deprecated / Dev / City Shard),"NOT_USEFUL (Legacy City-Suffixed Shard - _1, _15, _16)",DROP TABLE / DROP VIEW (Obsolete City Shards),610,96 kB,N/A,2026-07-15 12:04:25.058629+00:00,Legacy per-city sharded table from deprecated architecture. Superseded by unified multi-city tables with city discriminator column.
ola_incentive_16,BASE TABLE,NOT USEFUL (Obsolete / Deprecated / Dev / City Shard),"NOT_USEFUL (Legacy City-Suffixed Shard - _1, _15, _16)",DROP TABLE / DROP VIEW (Obsolete City Shards),201,64 kB,N/A,2026-07-16 08:21:34.171628+00:00,Legacy per-city sharded table from deprecated architecture. Superseded by unified multi-city tables with city discriminator column.
ola_incentive_payments,BASE TABLE,NOT USEFUL (Obsolete / Deprecated / Dev / City Shard),NOT_USEFUL (Abandoned Pipeline / Scraper Dump),DROP TABLE (Dead Pipeline Storage),1930,1048 kB,2026-06-29 00:11:31,2026-07-01 14:16:22,Abandoned scraper / ETL dump from earlier pipeline versions. Current pipelines write to uber_pipeline_* and ola_raw_*.
ola_ingestion_log,BASE TABLE,USEFUL (Current Production),CURRENT_ACTIVE (Ola Pipeline),KEEP (Active in Production Architecture),104,208 kB,2026-08-25 07:01:50.039607+00:00,2026-09-30 01:34:31.514603+00:00,"Directly integrated with active codebase [ola]. Execution audit trail recording timestamp, date range, GCS URI, row counts & status."
ola_raw_1,BASE TABLE,NOT USEFUL (Obsolete / Deprecated / Dev / City Shard),"NOT_USEFUL (Legacy City-Suffixed Shard - _1, _15, _16)",DROP TABLE / DROP VIEW (Obsolete City Shards),0,16 kB,N/A,N/A,Legacy per-city sharded table from deprecated architecture. Superseded by unified multi-city tables with city discriminator column.
ola_raw_15,BASE TABLE,NOT USEFUL (Obsolete / Deprecated / Dev / City Shard),"NOT_USEFUL (Legacy City-Suffixed Shard - _1, _15, _16)",DROP TABLE / DROP VIEW (Obsolete City Shards),4741,568 kB,2026-06-29,2026-07-05,Legacy per-city sharded table from deprecated architecture. Superseded by unified multi-city tables with city discriminator column.
ola_raw_16,BASE TABLE,NOT USEFUL (Obsolete / Deprecated / Dev / City Shard),"NOT_USEFUL (Legacy City-Suffixed Shard - _1, _15, _16)",DROP TABLE / DROP VIEW (Obsolete City Shards),10,32 kB,2026-06-30,2026-07-03,Legacy per-city sharded table from deprecated architecture. Superseded by unified multi-city tables with city discriminator column.
ola_raw_crns,BASE TABLE,USEFUL (Current Production),CURRENT_ACTIVE (Ola Pipeline),KEEP (Active in Production Architecture),27169,13 MB,2026-08-25 07:01:50.039607+00:00,2026-09-30 01:23:56.574617+00:00,"Directly integrated with active codebase [ola, backend]. Ride-level telemetry for completed & cancelled trips (crn, vehicle, fares, tolls, TDS)."
ola_raw_transactions,BASE TABLE,USEFUL (Current Production),CURRENT_ACTIVE (Ola Pipeline),KEEP (Active in Production Architecture),4470,1592 kB,2026-08-25 09:08:21.684228+00:00,2026-09-30 01:34:31.514603+00:00,"Directly integrated with active codebase [ola, backend]. Financial ledger capturing posting/service dates, vehicle, transaction type & amount."
ola_report_blr_hisaab,BASE TABLE,NOT USEFUL (Obsolete / Deprecated / Dev / City Shard),NOT_USEFUL (Abandoned Pipeline / Scraper Dump),DROP TABLE (Dead Pipeline Storage),4741,3352 kB,2026-07-15 10:12:19.056064,2026-07-15 10:12:19.056064,Abandoned scraper / ETL dump from earlier pipeline versions. Current pipelines write to uber_pipeline_* and ola_raw_*.
online_payment_1,BASE TABLE,NOT USEFUL (Obsolete / Deprecated / Dev / City Shard),"NOT_USEFUL (Legacy City-Suffixed Shard - _1, _15, _16)",DROP TABLE / DROP VIEW (Obsolete City Shards),0,16 kB,N/A,N/A,Legacy per-city sharded table from deprecated architecture. Superseded by unified multi-city tables with city discriminator column.
online_payment_15,BASE TABLE,NOT USEFUL (Obsolete / Deprecated / Dev / City Shard),"NOT_USEFUL (Legacy City-Suffixed Shard - _1, _15, _16)",DROP TABLE / DROP VIEW (Obsolete City Shards),102,32 kB,N/A,2026-07-15 12:04:25.060758+00:00,Legacy per-city sharded table from deprecated architecture. Superseded by unified multi-city tables with city discriminator column.
online_payment_16,BASE TABLE,NOT USEFUL (Obsolete / Deprecated / Dev / City Shard),"NOT_USEFUL (Legacy City-Suffixed Shard - _1, _15, _16)",DROP TABLE / DROP VIEW (Obsolete City Shards),0,16 kB,N/A,N/A,Legacy per-city sharded table from deprecated architecture. Superseded by unified multi-city tables with city discriminator column.
operating_cities,BASE TABLE,NOT USEFUL (Obsolete / Deprecated / Dev / City Shard),NOT_USEFUL (Legacy Table Superseded by core_ / july_),DROP TABLE (Obsolete Entity),3,48 kB,2026-07-02 14:21:51.833952,2026-07-02 14:21:51.833952,Legacy standalone entity from older schema. Completely superseded by core_operating_cities or july_operating_cities.
orders,BASE TABLE,USEFUL (Current Production),CURRENT_ACTIVE (Rapido Pipeline),KEEP (Active in Production Architecture),2275,648 kB,2026-08-10 09:54:28.386879,2026-09-30 18:15:58.029271,"Directly integrated with active codebase [rapido, letzryd-rapido-integration-pipeline]. Full ride state machine updates (accepted -> completed, fare, captain earnings, tolls)."
partner_adjustment,BASE TABLE,NOT USEFUL (Obsolete / Deprecated / Dev / City Shard),NOT_USEFUL (Legacy Table Superseded by core_ / july_),DROP TABLE (Obsolete Entity),3,32 kB,2026-07-01 10:08:48.993167,2026-07-01 10:08:48.993167,Legacy standalone entity from older schema. Completely superseded by core_partner_adjustment or july_partner_adjustment.
partner_expenses,BASE TABLE,NOT USEFUL (Obsolete / Deprecated / Dev / City Shard),NOT_USEFUL (Legacy Table Superseded by core_ / july_),DROP TABLE (Obsolete Entity),10,32 kB,2026-07-01 11:05:17.584481,2026-07-01 11:05:17.584481,Legacy standalone entity from older schema. Completely superseded by core_partner_expenses or july_partner_expenses.
partners,BASE TABLE,NOT USEFUL (Obsolete / Deprecated / Dev / City Shard),NOT_USEFUL (Unreferenced / Orphaned Table),DROP TABLE (Zero Active Connection),1628,448 kB,N/A,2026-08-17 13:48:29.946829+00:00,Zero direct or indirect connections across all 9 production repositories.
pdi_logs,BASE TABLE,NOT USEFUL (Obsolete / Deprecated / Dev / City Shard),NOT_USEFUL (Legacy Table Superseded by core_ / july_),DROP TABLE (Obsolete Entity),0,16 kB,N/A,N/A,Legacy standalone entity from older schema. Completely superseded by core_pdi_logs or july_pdi_logs.
pdi_types,BASE TABLE,NOT USEFUL (Obsolete / Deprecated / Dev / City Shard),NOT_USEFUL (Legacy Table Superseded by core_ / july_),DROP TABLE (Obsolete Entity),0,24 kB,N/A,N/A,Legacy standalone entity from older schema. Completely superseded by core_pdi_types or july_pdi_types.
permissions,BASE TABLE,NOT USEFUL (Obsolete / Deprecated / Dev / City Shard),NOT_USEFUL (Legacy Table Superseded by core_ / july_),DROP TABLE (Obsolete Entity),14,48 kB,2026-06-15 21:35:40.069002,2026-06-15 21:35:40.069062,Legacy standalone entity from older schema. Completely superseded by core_permissions or july_permissions.
portal_rental_plans,BASE TABLE,USEFUL (Current Production),CURRENT_ACTIVE (Backend / Portal Staging),KEEP (Active in Production Architecture),0,48 kB,N/A,N/A,Directly integrated with active codebase [backend]. Staging table for rental plans & concessions configured in Web Portal before promotion.
processed_emails,BASE TABLE,NOT USEFUL (Obsolete / Deprecated / Dev / City Shard),NOT_USEFUL (Abandoned Pipeline / Scraper Dump),DROP TABLE (Dead Pipeline Storage),10,32 kB,N/A,N/A,Abandoned scraper / ETL dump from earlier pipeline versions. Current pipelines write to uber_pipeline_* and ola_raw_*.
rapido_incentive_16,BASE TABLE,NOT USEFUL (Obsolete / Deprecated / Dev / City Shard),"NOT_USEFUL (Legacy City-Suffixed Shard - _1, _15, _16)",DROP TABLE / DROP VIEW (Obsolete City Shards),76,32 kB,N/A,2026-07-16 08:21:34.174501+00:00,Legacy per-city sharded table from deprecated architecture. Superseded by unified multi-city tables with city discriminator column.
rapido_raw_1,BASE TABLE,NOT USEFUL (Obsolete / Deprecated / Dev / City Shard),"NOT_USEFUL (Legacy City-Suffixed Shard - _1, _15, _16)",DROP TABLE / DROP VIEW (Obsolete City Shards),0,16 kB,N/A,N/A,Legacy per-city sharded table from deprecated architecture. Superseded by unified multi-city tables with city discriminator column.
rapido_raw_15,BASE TABLE,NOT USEFUL (Obsolete / Deprecated / Dev / City Shard),"NOT_USEFUL (Legacy City-Suffixed Shard - _1, _15, _16)",DROP TABLE / DROP VIEW (Obsolete City Shards),3656,528 kB,2026-06-29,2026-07-05,Legacy per-city sharded table from deprecated architecture. Superseded by unified multi-city tables with city discriminator column.
rapido_raw_16,BASE TABLE,NOT USEFUL (Obsolete / Deprecated / Dev / City Shard),"NOT_USEFUL (Legacy City-Suffixed Shard - _1, _15, _16)",DROP TABLE / DROP VIEW (Obsolete City Shards),1893,304 kB,2026-06-29,2026-07-05,Legacy per-city sharded table from deprecated architecture. Superseded by unified multi-city tables with city discriminator column.
raw_accidents_registry,BASE TABLE,USEFUL (Current Production),CURRENT_ACTIVE (Cashfree Staging),KEEP (Active in Production Architecture),0,16 kB,N/A,N/A,Directly integrated with active codebase [cashfree-web_portal]. Staged driver accident liabilities and damage penalties to be recovered in hisaab.
raw_gps_logs,BASE TABLE,USEFUL (Current Production),CURRENT_ACTIVE (Cashfree Staging),KEEP (Active in Production Architecture),0,16 kB,N/A,2026-08-13 08:22:06.014474+00:00,Directly integrated with active codebase [cashfree-web_portal]. IoT GPS odometer telemetry logs for distance/kilometer verification.
raw_ola_data,BASE TABLE,USEFUL (Current Production),CURRENT_ACTIVE (Cashfree Staging),KEEP (Active in Production Architecture),9466,2960 kB,2026-07-06,2026-07-12,Directly integrated with active codebase [cashfree-web_portal]. Raw trip and weekly earnings records ingested from Ola fleet statements.
raw_ola_incentives,BASE TABLE,USEFUL (Current Production),CURRENT_ACTIVE (Cashfree / Ola Staging),KEEP (Active in Production Architecture),1054,328 kB,N/A,2026-08-24 10:51:22.972455+00:00,"Directly integrated with active codebase [cashfree-web_portal, ola-incentive]. Staged Ola weekly quest and incentive bonus payouts."
raw_partner_adjustments,BASE TABLE,USEFUL (Current Production),CURRENT_ACTIVE (Cashfree Staging),KEEP (Active in Production Architecture),0,16 kB,N/A,N/A,Directly integrated with active codebase [cashfree-web_portal]. Staged manual operational credits/debits to be merged into hisaab statements.
raw_rapido_data,BASE TABLE,USEFUL (Current Production),CURRENT_ACTIVE (Cashfree / Rapido Staging),KEEP (Active in Production Architecture),7341,1248 kB,2026-07-06,2026-07-12,"Directly integrated with active codebase [cashfree-web_portal, rapido]. Raw trip and weekly earnings records ingested from Rapido platform reports."
raw_rapido_incentives,BASE TABLE,USEFUL (Current Production),CURRENT_ACTIVE (Cashfree / Rapido Staging),KEEP (Active in Production Architecture),991,152 kB,N/A,2026-08-24 10:51:22.981751+00:00,"Directly integrated with active codebase [cashfree-web_portal, rapido]. Staged Rapido weekly quest and incentive bonus payouts."
raw_traffic_challans,BASE TABLE,USEFUL (Current Production),CURRENT_ACTIVE (Cashfree Staging),KEEP (Active in Production Architecture),0,16 kB,N/A,2026-08-13 07:29:05.619073+00:00,"Directly integrated with active codebase [cashfree-web_portal, Challan_Fine_Automation_Pipeline]. Staged traffic violations to be deducted during weekly hisaab calculation."
raw_uber_data,BASE TABLE,USEFUL (Current Production),CURRENT_ACTIVE (Cashfree Staging),KEEP (Active in Production Architecture),12694,2216 kB,2026-07-06,2026-07-12,Directly integrated with active codebase [cashfree-web_portal]. Raw trip and weekly earnings records ingested from Uber fleet statements.
raw_uber_incentives,BASE TABLE,USEFUL (Current Production),CURRENT_ACTIVE (Cashfree / Uber Staging),KEEP (Active in Production Architecture),1062,168 kB,N/A,2026-08-24 10:51:22.959526+00:00,"Directly integrated with active codebase [cashfree-web_portal, uber-incentive]. Staged Uber weekly quest and incentive bonus payouts."
rental_custom_partner_plans,BASE TABLE,USEFUL (Current Production),CURRENT_ACTIVE (Backend Rental Engine),KEEP (Active in Production Architecture),343,192 kB,2026-09-20 07:28:29.652992+00:00,2026-09-22 10:47:59.922112+00:00,Directly integrated with active codebase [backend]. Custom agreed rental plan contracts bound to specific partner IDs or vehicles.
rental_exceptions,BASE TABLE,USEFUL (Current Production),CURRENT_ACTIVE (Backend Rental Engine),KEEP (Active in Production Architecture),0,48 kB,N/A,N/A,Directly integrated with active codebase [backend]. Management approved temporary rental concessions & audit rate overrides.
rental_fee_rules,BASE TABLE,USEFUL (Current Production),CURRENT_ACTIVE (Backend Rental Engine),KEEP (Active in Production Architecture),7,40 kB,2026-09-20 18:02:05.136475+00:00,2026-09-20 18:19:19.202323+00:00,"Directly integrated with active codebase [backend]. Indemnity fee rules, custom fee overrides & management fee waivers."
rental_model_baselines,BASE TABLE,USEFUL (Current Production),CURRENT_ACTIVE (Backend Rental Engine),KEEP (Active in Production Architecture),31,56 kB,2026-09-20 18:02:05.322022+00:00,2026-09-20 18:19:19.471110+00:00,Directly integrated with active codebase [backend]. Vehicle model fallback baseline rental & indemnity rates per city.
rental_rate_slabs,BASE TABLE,USEFUL (Current Production),CURRENT_ACTIVE (Backend Rental Engine),KEEP (Active in Production Architecture),91,96 kB,2026-09-20 18:02:05.877935+00:00,2026-09-22 11:34:21.792417+00:00,Directly integrated with active codebase [backend]. Dynamic tiered reducing rate slabs based on trip thresholds for drivers/operators.
roles,BASE TABLE,NOT USEFUL (Obsolete / Deprecated / Dev / City Shard),NOT_USEFUL (Legacy Table Superseded by core_ / july_),DROP TABLE (Obsolete Entity),14,48 kB,2026-06-15 22:14:21.518009,2026-06-15 22:14:21.518028,Legacy standalone entity from older schema. Completely superseded by core_roles or july_roles.
sheet_accidents,BASE TABLE,USEFUL (Current Production),CURRENT_ACTIVE (Backend Staging (Google Sheet Sync)),KEEP (Active in Production Architecture),3128,8096 kB,2026-09-30 18:15:34.669974+00:00,2026-09-30 18:12:54.565978+00:00,Directly integrated with active codebase [backend]. Ingests Google Sheet Accident vehicle reports via AppScript JDBC sync.
sheet_adjustments,BASE TABLE,USEFUL (Current Production),CURRENT_ACTIVE (Backend Staging (Google Sheet Sync)),KEEP (Active in Production Architecture),15820,11 MB,2026-09-30 18:13:52.871038+00:00,2026-09-30 17:47:55.054602+00:00,Directly integrated with active codebase [backend]. Ingests Google Sheet operational adjustment log entries via AppScript.
sheet_challans,BASE TABLE,USEFUL (Current Production),CURRENT_ACTIVE (Backend Staging (Google Sheet Sync)),KEEP (Active in Production Architecture),62659,43 MB,2026-09-07 09:00:07.341245+00:00,2026-09-30 17:35:13.736925+00:00,Directly integrated with active codebase [backend]. Ingests Google Sheets operational traffic fine records across 38 weekly cycles.
sheet_driver_onboarding,BASE TABLE,USEFUL (Current Production),CURRENT_ACTIVE (Backend Staging (Google Sheet Sync)),KEEP (Active in Production Architecture),2472,4600 kB,2026-09-18 18:41:03.429644+00:00,2026-09-30 18:15:37.837609+00:00,Directly integrated with active codebase [backend]. Ingests Google Sheet driver onboarding form responses.
sheet_dropoffs,BASE TABLE,USEFUL (Current Production),CURRENT_ACTIVE (Backend Staging (Google Sheet Sync)),KEEP (Active in Production Architecture),6991,8016 kB,2026-09-08 05:22:50.287870,2026-09-30 23:45:31.930129,Directly integrated with active codebase [backend]. Ingests Google Sheet operational vehicle dropoff logs.
sheet_gps_telematics,BASE TABLE,USEFUL (Current Production),CURRENT_ACTIVE (Backend Staging (Google Sheet Sync)),KEEP (Active in Production Architecture),84224,11 MB,2026-09-15 11:17:42.976361,2026-09-30 02:30:19.910706,Directly integrated with active codebase [backend]. Ingests raw daily telematics logs from GPS provider feeds.
sheet_maintenance,BASE TABLE,USEFUL (Current Production),CURRENT_ACTIVE (Backend Staging (Google Sheet Sync)),KEEP (Active in Production Architecture),9010,13 MB,2026-09-13 23:03:51.829626,2026-09-30 23:40:32.822665,Directly integrated with active codebase [backend]. Ingests Google Sheet operational maintenance extract entries.
sheet_ola_incentive_Bank_statement,BASE TABLE,NOT USEFUL (Obsolete / Deprecated / Dev / City Shard),NOT_USEFUL (Discarded Sheet Staging Mirror),DROP TABLE (Unused Sheet Mirror),918,256 kB,2026-08-24,2026-09-14,Obsolete Google Sheet mirror table from older manual sheets that are no longer synced.
sheet_ola_incentive_Ola_Report,BASE TABLE,NOT USEFUL (Obsolete / Deprecated / Dev / City Shard),NOT_USEFUL (Discarded Sheet Staging Mirror),DROP TABLE (Unused Sheet Mirror),3888,688 kB,2026-08-24,2026-09-14,Obsolete Google Sheet mirror table from older manual sheets that are no longer synced.
sheet_ola_incentive_Summary,BASE TABLE,NOT USEFUL (Obsolete / Deprecated / Dev / City Shard),NOT_USEFUL (Discarded Sheet Staging Mirror),DROP TABLE (Unused Sheet Mirror),48,16 kB,2026-08-24,2026-09-14,Obsolete Google Sheet mirror table from older manual sheets that are no longer synced.
sheet_ola_incentive_bank_statement,BASE TABLE,USEFUL (Current Production),CURRENT_ACTIVE (Ola Incentive Pipeline),KEEP (Active in Production Architecture),918,560 kB,2026-08-24,2026-09-14,"Directly integrated with active codebase [ola-incentive]. Parsed records from 'Bank statement' tab capturing UTR, amounts & vehicle breakdown."
sheet_ola_incentive_ola_report,BASE TABLE,USEFUL (Current Production),CURRENT_ACTIVE (Ola Incentive Pipeline),KEEP (Active in Production Architecture),3888,1320 kB,2026-08-24,2026-09-14,Directly integrated with active codebase [ola-incentive]. Raw transaction records from 'Ola report' tab.
sheet_ola_incentive_pipeline_logs,BASE TABLE,USEFUL (Current Production),CURRENT_ACTIVE (Ola Incentive Pipeline),KEEP (Active in Production Architecture),3,96 kB,2026-08-24,2026-09-07,"Directly integrated with active codebase [ola-incentive]. Ingestion execution tracker recording file_id, timestamps & row counts."
sheet_ola_incentive_status,BASE TABLE,USEFUL (Current Production),CURRENT_ACTIVE (Ola Incentive Pipeline),KEEP (Active in Production Architecture),876,384 kB,2026-08-24,2026-09-14,Directly integrated with active codebase [ola-incentive]. Parsed records from 'Status' tab of weekly Ola incentive workbooks.
sheet_ola_incentive_summary,BASE TABLE,USEFUL (Current Production),CURRENT_ACTIVE (Ola Incentive Pipeline),KEEP (Active in Production Architecture),54,176 kB,2026-09-24 11:22:52.470482+00:00,2026-09-24 11:22:59.389591+00:00,Directly integrated with active codebase [ola-incentive]. Unpivoted normalized date-wise and report-type summaries.
sheet_rental_partners,BASE TABLE,NOT USEFUL (Obsolete / Deprecated / Dev / City Shard),NOT_USEFUL (Discarded Sheet Staging Mirror),DROP TABLE (Unused Sheet Mirror),513,240 kB,2026-09-30 18:00:05.369548,2026-09-30 18:00:05.369548,Obsolete Google Sheet mirror table from older manual sheets that are no longer synced.
sheet_rental_slabs,BASE TABLE,NOT USEFUL (Obsolete / Deprecated / Dev / City Shard),NOT_USEFUL (Discarded Sheet Staging Mirror),DROP TABLE (Unused Sheet Mirror),92,128 kB,2026-09-30 18:00:05.369548,2026-09-30 18:00:05.369548,Obsolete Google Sheet mirror table from older manual sheets that are no longer synced.
sheet_vehicle_allocations,BASE TABLE,USEFUL (Current Production),CURRENT_ACTIVE (Backend Staging (Google Sheet Sync)),KEEP (Active in Production Architecture),7824,29 MB,2026-09-06 09:29:45.134152+00:00,2026-09-30 18:15:50.293214+00:00,Directly integrated with active codebase [backend]. Ingests Google Sheet vehicle allocation responses.
sheet_vehicle_onboarding,BASE TABLE,USEFUL (Current Production),CURRENT_ACTIVE (Backend Staging (Google Sheet Sync)),KEEP (Active in Production Architecture),1744,15 MB,2026-09-04 13:04:40.633856+00:00,2026-09-30 18:07:56.482354+00:00,Directly integrated with active codebase [backend]. Ingests Google Sheet vehicle onboarding / PDI records.
sheet_vehicle_status,BASE TABLE,NOT USEFUL (Obsolete / Deprecated / Dev / City Shard),NOT_USEFUL (Discarded Sheet Staging Mirror),DROP TABLE (Unused Sheet Mirror),75190,104 MB,2026-09-11 01:48:24.927052,2026-09-30 10:17:27.210708,Obsolete Google Sheet mirror table from older manual sheets that are no longer synced.
sheet_walkins,BASE TABLE,USEFUL (Current Production),CURRENT_ACTIVE (Backend Staging (Google Sheet Sync)),KEEP (Active in Production Architecture),944,4104 kB,2026-09-04 07:58:46.516201+00:00,2026-09-30 18:15:48.535621+00:00,Directly integrated with active codebase [backend]. Ingests Google Sheet candidate walk-in and enquiry form responses.
staging_ola_uber_rapido_raw,BASE TABLE,NOT USEFUL (Obsolete / Deprecated / Dev / City Shard),NOT_USEFUL (Abandoned Pipeline / Scraper Dump),DROP TABLE (Dead Pipeline Storage),0,24 kB,N/A,N/A,Abandoned scraper / ETL dump from earlier pipeline versions. Current pipelines write to uber_pipeline_* and ola_raw_*.
test_uber_driver_payments_raw,BASE TABLE,NOT USEFUL (Obsolete / Deprecated / Dev / City Shard),NOT_USEFUL (Test / Demo / Dev Sandbox Table),DROP TABLE (Dead Storage Sandbox),1678873,788 MB,N/A,2026-08-23 23:40:17.476974+00:00,Test/Sandbox artifact. Consumes dead storage (e.g. test_uber_driver_payments_raw takes 788MB) with zero production usage.
test_uber_etl_state,BASE TABLE,NOT USEFUL (Obsolete / Deprecated / Dev / City Shard),NOT_USEFUL (Test / Demo / Dev Sandbox Table),DROP TABLE (Dead Storage Sandbox),0,16 kB,N/A,N/A,Test/Sandbox artifact. Consumes dead storage (e.g. test_uber_driver_payments_raw takes 788MB) with zero production usage.
test_uber_org_payments_raw,BASE TABLE,NOT USEFUL (Obsolete / Deprecated / Dev / City Shard),NOT_USEFUL (Test / Demo / Dev Sandbox Table),DROP TABLE (Dead Storage Sandbox),19708,9736 kB,N/A,2026-08-24 01:52:17.865493+00:00,Test/Sandbox artifact. Consumes dead storage (e.g. test_uber_driver_payments_raw takes 788MB) with zero production usage.
tickets,BASE TABLE,NOT USEFUL (Obsolete / Deprecated / Dev / City Shard),NOT_USEFUL (Unreferenced / Orphaned Table),DROP TABLE (Zero Active Connection),0,16 kB,N/A,N/A,Zero direct or indirect connections across all 9 production repositories.
traffic_challans,BASE TABLE,NOT USEFUL (Obsolete / Deprecated / Dev / City Shard),NOT_USEFUL (Legacy Table Superseded by core_ / july_),DROP TABLE (Obsolete Entity),7,48 kB,2026-07-03 12:00:06.748061,2026-07-03 12:00:06.748061,Legacy standalone entity from older schema. Completely superseded by core_traffic_challans or july_traffic_challans.
trips,BASE TABLE,NOT USEFUL (Obsolete / Deprecated / Dev / City Shard),NOT_USEFUL (Legacy Table Superseded by core_ / july_),DROP TABLE (Obsolete Entity),120835,42 MB,2026-06-09 17:56:31.830206,2026-06-16 22:51:02.772533,Legacy standalone entity from older schema. Completely superseded by core_trips or july_trips.
uber_driver_payments_raw,BASE TABLE,NOT USEFUL (Obsolete / Deprecated / Dev / City Shard),NOT_USEFUL (Abandoned Pipeline / Scraper Dump),DROP TABLE (Dead Pipeline Storage),1191,584 kB,N/A,2026-08-26 07:18:58.713847+00:00,Abandoned scraper / ETL dump from earlier pipeline versions. Current pipelines write to uber_pipeline_* and ola_raw_*.
uber_etl_state,BASE TABLE,NOT USEFUL (Obsolete / Deprecated / Dev / City Shard),NOT_USEFUL (Abandoned Pipeline / Scraper Dump),DROP TABLE (Dead Pipeline Storage),12,32 kB,2026-08-26 07:20:11.549253,N/A,Abandoned scraper / ETL dump from earlier pipeline versions. Current pipelines write to uber_pipeline_* and ola_raw_*.
uber_incentive,BASE TABLE,NOT USEFUL (Obsolete / Deprecated / Dev / City Shard),NOT_USEFUL (Unreferenced / Orphaned Table),DROP TABLE (Zero Active Connection),296,88 kB,N/A,2026-06-17 20:04:45.281466+00:00,Zero direct or indirect connections across all 9 production repositories.
uber_incentive_1,BASE TABLE,NOT USEFUL (Obsolete / Deprecated / Dev / City Shard),"NOT_USEFUL (Legacy City-Suffixed Shard - _1, _15, _16)",DROP TABLE / DROP VIEW (Obsolete City Shards),1204,104 kB,2025-12-29,2026-03-02,Legacy per-city sharded table from deprecated architecture. Superseded by unified multi-city tables with city discriminator column.
uber_incentive_15,BASE TABLE,NOT USEFUL (Obsolete / Deprecated / Dev / City Shard),"NOT_USEFUL (Legacy City-Suffixed Shard - _1, _15, _16)",DROP TABLE / DROP VIEW (Obsolete City Shards),610,104 kB,2026-06-29,2026-06-29,Legacy per-city sharded table from deprecated architecture. Superseded by unified multi-city tables with city discriminator column.
uber_incentive_16,BASE TABLE,NOT USEFUL (Obsolete / Deprecated / Dev / City Shard),"NOT_USEFUL (Legacy City-Suffixed Shard - _1, _15, _16)",DROP TABLE / DROP VIEW (Obsolete City Shards),201,64 kB,2026-06-29,2026-06-29,Legacy per-city sharded table from deprecated architecture. Superseded by unified multi-city tables with city discriminator column.
uber_incentives_ingestion_log,BASE TABLE,USEFUL (Current Production),CURRENT_ACTIVE (Uber Pipeline),KEEP (Active in Production Architecture),50,104 kB,2026-08-31 11:04:06.372770,2026-09-30 01:55:35.501505,"Directly integrated with active codebase [uber-incentive]. Records pipeline runs with target date windows, city row counts & GCS URLs."
uber_ola_final_hisaab_1,VIEW,NOT USEFUL (Obsolete / Deprecated / Dev / City Shard),"NOT_USEFUL (Legacy City-Suffixed Shard - _1, _15, _16)",DROP TABLE / DROP VIEW (Obsolete City Shards),N/A,0 bytes,2026-03-02,2026-03-05,Legacy per-city sharded table from deprecated architecture. Superseded by unified multi-city tables with city discriminator column.
uber_ola_final_hisaab_15,VIEW,NOT USEFUL (Obsolete / Deprecated / Dev / City Shard),"NOT_USEFUL (Legacy City-Suffixed Shard - _1, _15, _16)",DROP TABLE / DROP VIEW (Obsolete City Shards),N/A,0 bytes,2025-03-05,2026-07-04,Legacy per-city sharded table from deprecated architecture. Superseded by unified multi-city tables with city discriminator column.
uber_ola_final_hisaab_16,VIEW,NOT USEFUL (Obsolete / Deprecated / Dev / City Shard),"NOT_USEFUL (Legacy City-Suffixed Shard - _1, _15, _16)",DROP TABLE / DROP VIEW (Obsolete City Shards),N/A,0 bytes,2025-12-02,2026-07-04,Legacy per-city sharded table from deprecated architecture. Superseded by unified multi-city tables with city discriminator column.
uber_order_transactions_raw,BASE TABLE,NOT USEFUL (Obsolete / Deprecated / Dev / City Shard),NOT_USEFUL (Unreferenced / Orphaned Table),DROP TABLE (Zero Active Connection),18317,9608 kB,2026-08-26 06:54:22.307837,2026-08-26 07:16:37.795760,Zero direct or indirect connections across all 9 production repositories.
uber_org_payments_raw,BASE TABLE,NOT USEFUL (Obsolete / Deprecated / Dev / City Shard),NOT_USEFUL (Unreferenced / Orphaned Table),DROP TABLE (Zero Active Connection),20,48 kB,N/A,N/A,Zero direct or indirect connections across all 9 production repositories.
uber_payment_organisation_1,BASE TABLE,NOT USEFUL (Obsolete / Deprecated / Dev / City Shard),"NOT_USEFUL (Legacy City-Suffixed Shard - _1, _15, _16)",DROP TABLE / DROP VIEW (Obsolete City Shards),107464,7576 kB,2025-12-29,2026-03-02,Legacy per-city sharded table from deprecated architecture. Superseded by unified multi-city tables with city discriminator column.
uber_payment_organisation_15,BASE TABLE,NOT USEFUL (Obsolete / Deprecated / Dev / City Shard),"NOT_USEFUL (Legacy City-Suffixed Shard - _1, _15, _16)",DROP TABLE / DROP VIEW (Obsolete City Shards),1236,192 kB,2026-06-29,2026-06-29,Legacy per-city sharded table from deprecated architecture. Superseded by unified multi-city tables with city discriminator column.
uber_payment_organisation_16,BASE TABLE,NOT USEFUL (Obsolete / Deprecated / Dev / City Shard),"NOT_USEFUL (Legacy City-Suffixed Shard - _1, _15, _16)",DROP TABLE / DROP VIEW (Obsolete City Shards),5285,672 kB,2026-06-29,2026-06-29,Legacy per-city sharded table from deprecated architecture. Superseded by unified multi-city tables with city discriminator column.
uber_pipeline_driver_payments,BASE TABLE,USEFUL (Current Production),CURRENT_ACTIVE (Uber Pipeline),KEEP (Active in Production Architecture),44125,23 MB,N/A,2026-09-29 02:45:46.257475+00:00,"Directly integrated with active codebase [uber]. Driver-level settlement summaries, platform fees, bank payouts & subscription fees."
uber_pipeline_execution_logs,BASE TABLE,USEFUL (Current Production),CURRENT_ACTIVE (Uber Pipeline),KEEP (Active in Production Architecture),88,208 kB,2026-08-26 07:18:49.517833,2026-09-30 02:30:26.491783,"Directly integrated with active codebase [uber, uber-incentive]. Execution audit trail tracking run_id, date windows, row counts, status & errors."
uber_pipeline_order_transactions,BASE TABLE,USEFUL (Current Production),CURRENT_ACTIVE (Uber Pipeline),KEEP (Active in Production Architecture),429193,328 MB,2026-08-24,2026-09-30,"Directly integrated with active codebase [uber, backend]. Financial transactions ledger (transaction_uuid, earnings, cash, Fastag tolls, TDS)."
uber_pipeline_org_payments,BASE TABLE,USEFUL (Current Production),CURRENT_ACTIVE (Uber Pipeline),KEEP (Active in Production Architecture),731,488 kB,N/A,2026-09-30 02:51:44.589920+00:00,"Directly integrated with active codebase [uber]. Master fleet supplier accounting statements, opening/closing balances & disbursements."
uber_pipeline_sync_state,BASE TABLE,USEFUL (Current Production),CURRENT_ACTIVE (Uber Pipeline),KEEP (Active in Production Architecture),0,16 kB,N/A,N/A,Directly integrated with active codebase [uber]. Incremental sync timestamp tracker per supplier fleet and stream.
uber_pipeline_trips,BASE TABLE,USEFUL (Current Production),CURRENT_ACTIVE (Uber Pipeline),KEEP (Active in Production Architecture),462129,393 MB,2026-08-23,2026-09-30,"Directly integrated with active codebase [uber, backend]. Granular ride activity telemetry (trip_uuid, plate, driver, GPS, fares)."
uber_raw,BASE TABLE,NOT USEFUL (Obsolete / Deprecated / Dev / City Shard),NOT_USEFUL (Unreferenced / Orphaned Table),DROP TABLE (Zero Active Connection),39691,20 MB,2026-02-02,2026-09-02,Zero direct or indirect connections across all 9 production repositories.
uber_raw_1,BASE TABLE,NOT USEFUL (Obsolete / Deprecated / Dev / City Shard),"NOT_USEFUL (Legacy City-Suffixed Shard - _1, _15, _16)",DROP TABLE / DROP VIEW (Obsolete City Shards),139680,10 MB,2025-12-29,2026-03-02,Legacy per-city sharded table from deprecated architecture. Superseded by unified multi-city tables with city discriminator column.
uber_raw_15,BASE TABLE,NOT USEFUL (Obsolete / Deprecated / Dev / City Shard),"NOT_USEFUL (Legacy City-Suffixed Shard - _1, _15, _16)",DROP TABLE / DROP VIEW (Obsolete City Shards),38489,3784 kB,2026-06-29,2026-06-29,Legacy per-city sharded table from deprecated architecture. Superseded by unified multi-city tables with city discriminator column.
uber_raw_16,BASE TABLE,NOT USEFUL (Obsolete / Deprecated / Dev / City Shard),"NOT_USEFUL (Legacy City-Suffixed Shard - _1, _15, _16)",DROP TABLE / DROP VIEW (Obsolete City Shards),5847,736 kB,2026-06-29,2026-06-29,Legacy per-city sharded table from deprecated architecture. Superseded by unified multi-city tables with city discriminator column.
uber_trips_raw,BASE TABLE,NOT USEFUL (Obsolete / Deprecated / Dev / City Shard),NOT_USEFUL (Abandoned Pipeline / Scraper Dump),DROP TABLE (Dead Pipeline Storage),20280,13 MB,2026-08-26 06:50:48.955518,2026-08-26 07:14:35.465721,Abandoned scraper / ETL dump from earlier pipeline versions. Current pipelines write to uber_pipeline_* and ola_raw_*.
uber_vehicle_incentives_raw,BASE TABLE,USEFUL (Current Production),CURRENT_ACTIVE (Uber Pipeline),KEEP (Active in Production Architecture),121480,73 MB,2024-12-30 00:00:00,2026-09-28 00:00:00,"Directly integrated with active codebase [uber-incentive, uber, backend]. Scraped vehicle weekly incentive data (city, org_uuid, plate, trips, targets, payouts)."
user_roles,BASE TABLE,NOT USEFUL (Obsolete / Deprecated / Dev / City Shard),NOT_USEFUL (Legacy Table Superseded by core_ / july_),DROP TABLE (Obsolete Entity),0,8192 bytes,N/A,N/A,Legacy standalone entity from older schema. Completely superseded by core_user_roles or july_user_roles.
users,BASE TABLE,NOT USEFUL (Obsolete / Deprecated / Dev / City Shard),NOT_USEFUL (Legacy Table Superseded by core_ / july_),DROP TABLE (Obsolete Entity),23,48 kB,2026-06-15 18:14:16.764636,2026-07-01 11:11:19.751601,Legacy standalone entity from older schema. Completely superseded by core_users or july_users.
v_active_core_maintenance,VIEW,NOT USEFUL (Obsolete / Deprecated / Dev / City Shard),NOT_USEFUL (Orphaned / Legacy View),DROP VIEW (Unused Legacy View),N/A,0 bytes,2026-09-13 23:03:51.829626,2026-09-30 20:44:46.772075,Deprecated legacy database view (old city view or Looker report) with zero consumers in current portal/backend.
v_current_live_fleet_status,VIEW,USEFUL (Current Production),CURRENT_ACTIVE (Backend Core View),KEEP (Active in Production Architecture),N/A,0 bytes,N/A,N/A,Directly integrated with active codebase [backend]. Real-time live fleet operational snapshot showing current status & driver custody.
v_hisaab_partner_settlement_statement,VIEW,NOT USEFUL (Obsolete / Deprecated / Dev / City Shard),NOT_USEFUL (Orphaned / Legacy View),DROP VIEW (Unused Legacy View),N/A,0 bytes,N/A,N/A,Deprecated legacy database view (old city view or Looker report) with zero consumers in current portal/backend.
v_vehicle_pending_challans_summary,VIEW,NOT USEFUL (Obsolete / Deprecated / Dev / City Shard),NOT_USEFUL (Orphaned / Legacy View),DROP VIEW (Unused Legacy View),N/A,0 bytes,1950-05-17,2028-06-28,Deprecated legacy database view (old city view or Looker report) with zero consumers in current portal/backend.
v_vehicle_trip_intervals,VIEW,USEFUL (Current Production),CURRENT_ACTIVE (Backend Core View),KEEP (Active in Production Architecture),N/A,0 bytes,2024-01-05,2026-09-30,Directly integrated with active codebase [backend]. Lateral interval pairing view matching allocation starts with dropoff returns.
v_weekly_vehicle_pending_challans,VIEW,NOT USEFUL (Obsolete / Deprecated / Dev / City Shard),NOT_USEFUL (Orphaned / Legacy View),DROP VIEW (Unused Legacy View),N/A,0 bytes,N/A,N/A,Deprecated legacy database view (old city view or Looker report) with zero consumers in current portal/backend.
v_workshop_performance_summary,VIEW,NOT USEFUL (Obsolete / Deprecated / Dev / City Shard),NOT_USEFUL (Orphaned / Legacy View),DROP VIEW (Unused Legacy View),N/A,0 bytes,N/A,N/A,Deprecated legacy database view (old city view or Looker report) with zero consumers in current portal/backend.
vehicle_allocation,BASE TABLE,NOT USEFUL (Obsolete / Deprecated / Dev / City Shard),NOT_USEFUL (Legacy Table Superseded by core_ / july_),DROP TABLE (Obsolete Entity),10,32 kB,2026-07-01 10:54:31.154701,2026-07-01 10:54:31.154701,Legacy standalone entity from older schema. Completely superseded by core_vehicle_allocation or july_vehicle_allocation.
vehicle_assignments,BASE TABLE,NOT USEFUL (Obsolete / Deprecated / Dev / City Shard),NOT_USEFUL (Legacy Table Superseded by core_ / july_),DROP TABLE (Obsolete Entity),5231,656 kB,N/A,2026-08-17 13:48:29.978296+00:00,Legacy standalone entity from older schema. Completely superseded by core_vehicle_assignments or july_vehicle_assignments.
vehicle_challan_scrape_logs,BASE TABLE,USEFUL (Current Production),CURRENT_ACTIVE (Challan Pipeline),KEEP (Active in Production Architecture),0,8192 bytes,N/A,N/A,"Directly integrated with active codebase [Challan_Fine_Automation_Pipeline]. Execution statistics per vehicle/run (unpaid notices, fines, new notices added)."
vehicle_challans,BASE TABLE,USEFUL (Current Production),CURRENT_ACTIVE (Challan Pipeline),KEEP (Active in Production Architecture),2174,1888 kB,2026-09-03 19:32:55.435690+00:00,2026-09-30 00:37:42.685324+00:00,"Directly integrated with active codebase [Challan_Fine_Automation_Pipeline, backend]. Primary automated traffic fines table storing Karnataka One violation notices."
vehicle_ledger,BASE TABLE,NOT USEFUL (Obsolete / Deprecated / Dev / City Shard),NOT_USEFUL (Legacy Table Superseded by core_ / july_),DROP TABLE (Obsolete Entity),0,256 kB,N/A,N/A,Legacy standalone entity from older schema. Completely superseded by core_vehicle_ledger or july_vehicle_ledger.
vehicle_models,BASE TABLE,NOT USEFUL (Obsolete / Deprecated / Dev / City Shard),NOT_USEFUL (Legacy Table Superseded by core_ / july_),DROP TABLE (Obsolete Entity),6,32 kB,2026-07-02 14:19:33.890282,2026-07-02 14:19:33.890282,Legacy standalone entity from older schema. Completely superseded by core_vehicle_models or july_vehicle_models.
vehicle_onboarding,BASE TABLE,NOT USEFUL (Obsolete / Deprecated / Dev / City Shard),NOT_USEFUL (Legacy Table Superseded by core_ / july_),DROP TABLE (Obsolete Entity),3,32 kB,2026-08-20 05:48:05.136690,2026-08-20 05:48:05.136690,Legacy standalone entity from older schema. Completely superseded by core_vehicle_onboarding or july_vehicle_onboarding.
vehicle_states,BASE TABLE,NOT USEFUL (Obsolete / Deprecated / Dev / City Shard),NOT_USEFUL (Legacy Table Superseded by core_ / july_),DROP TABLE (Obsolete Entity),0,16 kB,N/A,N/A,Legacy standalone entity from older schema. Completely superseded by core_vehicle_states or july_vehicle_states.
vehicles,BASE TABLE,NOT USEFUL (Obsolete / Deprecated / Dev / City Shard),NOT_USEFUL (Legacy Table Superseded by core_ / july_),DROP TABLE (Obsolete Entity),1164,288 kB,N/A,2026-08-17 13:48:29.964630+00:00,Legacy standalone entity from older schema. Completely superseded by core_vehicles or july_vehicles.
vendor_ledger_1,BASE TABLE,NOT USEFUL (Obsolete / Deprecated / Dev / City Shard),"NOT_USEFUL (Legacy City-Suffixed Shard - _1, _15, _16)",DROP TABLE / DROP VIEW (Obsolete City Shards),11,32 kB,N/A,N/A,Legacy per-city sharded table from deprecated architecture. Superseded by unified multi-city tables with city discriminator column.
vendor_ledger_15,BASE TABLE,NOT USEFUL (Obsolete / Deprecated / Dev / City Shard),"NOT_USEFUL (Legacy City-Suffixed Shard - _1, _15, _16)",DROP TABLE / DROP VIEW (Obsolete City Shards),1125,192 kB,N/A,2026-07-15 12:04:25.068973+00:00,Legacy per-city sharded table from deprecated architecture. Superseded by unified multi-city tables with city discriminator column.
vendor_ledger_16,BASE TABLE,NOT USEFUL (Obsolete / Deprecated / Dev / City Shard),"NOT_USEFUL (Legacy City-Suffixed Shard - _1, _15, _16)",DROP TABLE / DROP VIEW (Obsolete City Shards),374,96 kB,N/A,2026-07-16 08:21:34.184620+00:00,Legacy per-city sharded table from deprecated architecture. Superseded by unified multi-city tables with city discriminator column.
view_daily_aggregator_metrics,VIEW,NOT USEFUL (Obsolete / Deprecated / Dev / City Shard),NOT_USEFUL (Orphaned / Legacy View),DROP VIEW (Unused Legacy View),N/A,0 bytes,2026-07-06,2026-07-12,Deprecated legacy database view (old city view or Looker report) with zero consumers in current portal/backend.
view_july_ola_weekly_kpis,VIEW,NOT USEFUL (Obsolete / Deprecated / Dev / City Shard),NOT_USEFUL (Orphaned / Legacy View),DROP VIEW (Unused Legacy View),N/A,0 bytes,N/A,N/A,Deprecated legacy database view (old city view or Looker report) with zero consumers in current portal/backend.
view_uber_hisaab_reconciliation,VIEW,NOT USEFUL (Obsolete / Deprecated / Dev / City Shard),NOT_USEFUL (Orphaned / Legacy View),DROP VIEW (Unused Legacy View),N/A,0 bytes,2026-08-23,2026-08-23,Deprecated legacy database view (old city view or Looker report) with zero consumers in current portal/backend.
view_weekly_platform_earnings,VIEW,NOT USEFUL (Obsolete / Deprecated / Dev / City Shard),NOT_USEFUL (Orphaned / Legacy View),DROP VIEW (Unused Legacy View),N/A,0 bytes,N/A,N/A,Deprecated legacy database view (old city view or Looker report) with zero consumers in current portal/backend.
vw_core_walkin_merged,VIEW,NOT USEFUL (Obsolete / Deprecated / Dev / City Shard),NOT_USEFUL (Orphaned / Legacy View),DROP VIEW (Unused Legacy View),N/A,0 bytes,2025-03-25,2026-09-30,Deprecated legacy database view (old city view or Looker report) with zero consumers in current portal/backend.
vw_fact_mis_unpivoted,VIEW,NOT USEFUL (Obsolete / Deprecated / Dev / City Shard),NOT_USEFUL (Orphaned / Legacy View),DROP VIEW (Unused Legacy View),N/A,0 bytes,2024-01-01,2026-08-26,Deprecated legacy database view (old city view or Looker report) with zero consumers in current portal/backend.
vw_looker_form_tracking,VIEW,NOT USEFUL (Obsolete / Deprecated / Dev / City Shard),NOT_USEFUL (Orphaned / Legacy View),DROP VIEW (Unused Legacy View),N/A,0 bytes,2026-07-31,2026-09-30,Deprecated legacy database view (old city view or Looker report) with zero consumers in current portal/backend.
vw_looker_management_mis,VIEW,NOT USEFUL (Obsolete / Deprecated / Dev / City Shard),NOT_USEFUL (Orphaned / Legacy View),DROP VIEW (Unused Legacy View),N/A,0 bytes,2026-01-01,2026-09-30,Deprecated legacy database view (old city view or Looker report) with zero consumers in current portal/backend.
vw_looker_mis_dashboard,VIEW,NOT USEFUL (Obsolete / Deprecated / Dev / City Shard),NOT_USEFUL (Orphaned / Legacy View),DROP VIEW (Unused Legacy View),N/A,0 bytes,2025-12-02,2026-07-04,Deprecated legacy database view (old city view or Looker report) with zero consumers in current portal/backend.
vw_looker_mis_unpivoted,VIEW,NOT USEFUL (Obsolete / Deprecated / Dev / City Shard),NOT_USEFUL (Orphaned / Legacy View),DROP VIEW (Unused Legacy View),N/A,0 bytes,2026-01-01,2026-09-30,Deprecated legacy database view (old city view or Looker report) with zero consumers in current portal/backend.
vw_looker_section_trips,VIEW,NOT USEFUL (Obsolete / Deprecated / Dev / City Shard),NOT_USEFUL (Orphaned / Legacy View),DROP VIEW (Unused Legacy View),N/A,0 bytes,2026-06-29,2026-07-05,Deprecated legacy database view (old city view or Looker report) with zero consumers in current portal/backend.
vw_mv_fact_mis_unpivoted,VIEW,NOT USEFUL (Obsolete / Deprecated / Dev / City Shard),NOT_USEFUL (Orphaned / Legacy View),DROP VIEW (Unused Legacy View),N/A,0 bytes,2024-01-01,2026-08-26,Deprecated legacy database view (old city view or Looker report) with zero consumers in current portal/backend.
vw_mv_looker_mis_unpivoted,VIEW,NOT USEFUL (Obsolete / Deprecated / Dev / City Shard),NOT_USEFUL (Orphaned / Legacy View),DROP VIEW (Unused Legacy View),N/A,0 bytes,2026-01-01,2026-08-25,Deprecated legacy database view (old city view or Looker report) with zero consumers in current portal/backend.
walkin_form_links,BASE TABLE,NOT USEFUL (Obsolete / Deprecated / Dev / City Shard),NOT_USEFUL (Legacy Table Superseded by core_ / july_),DROP TABLE (Obsolete Entity),4,24 kB,2026-06-30 12:21:46.253153,2026-06-30 12:21:46.253153,Legacy standalone entity from older schema. Completely superseded by core_walkin_form_links or july_walkin_form_links.
walkin_leads,BASE TABLE,NOT USEFUL (Obsolete / Deprecated / Dev / City Shard),NOT_USEFUL (Legacy Table Superseded by core_ / july_),DROP TABLE (Obsolete Entity),485,136 kB,2026-06-08 11:45:05.638528,2026-06-08 11:45:43.053320,Legacy standalone entity from older schema. Completely superseded by core_walkin_leads or july_walkin_leads.
walkin_onboarding_links,BASE TABLE,NOT USEFUL (Obsolete / Deprecated / Dev / City Shard),NOT_USEFUL (Legacy Table Superseded by core_ / july_),DROP TABLE (Obsolete Entity),0,8192 bytes,N/A,N/A,Legacy standalone entity from older schema. Completely superseded by core_walkin_onboarding_links or july_walkin_onboarding_links.
walkins,BASE TABLE,NOT USEFUL (Obsolete / Deprecated / Dev / City Shard),NOT_USEFUL (Legacy Table Superseded by core_ / july_),DROP TABLE (Obsolete Entity),32,32 kB,2026-06-26 09:34:27.138257,2026-06-30 12:21:46.253153,Legacy standalone entity from older schema. Completely superseded by core_walkins or july_walkins.
webapp_hisaab_weeks,BASE TABLE,NOT USEFUL (Obsolete / Deprecated / Dev / City Shard),NOT_USEFUL (Obsolete WebApp v0 Schema),DROP TABLE (Deprecated v0 Schema),5,32 kB,N/A,N/A,Deprecated v0 webapp table schema with 2-5 stagnant records. Replaced by portaljuly auth and models.
webapp_tickets,BASE TABLE,NOT USEFUL (Obsolete / Deprecated / Dev / City Shard),NOT_USEFUL (Obsolete WebApp v0 Schema),DROP TABLE (Deprecated v0 Schema),3,32 kB,2026-06-15,2026-06-29,Deprecated v0 webapp table schema with 2-5 stagnant records. Replaced by portaljuly auth and models.
webapp_users,BASE TABLE,NOT USEFUL (Obsolete / Deprecated / Dev / City Shard),NOT_USEFUL (Obsolete WebApp v0 Schema),DROP TABLE (Deprecated v0 Schema),3,48 kB,2023-01-15,2024-02-10,Deprecated v0 webapp table schema with 2-5 stagnant records. Replaced by portaljuly auth and models.
webapp_vehicles,BASE TABLE,NOT USEFUL (Obsolete / Deprecated / Dev / City Shard),NOT_USEFUL (Obsolete WebApp v0 Schema),DROP TABLE (Deprecated v0 Schema),2,32 kB,N/A,N/A,Deprecated v0 webapp table schema with 2-5 stagnant records. Replaced by portaljuly auth and models.
webhook_logs,BASE TABLE,USEFUL (Current Production),CURRENT_ACTIVE (Rapido Pipeline),KEEP (Active in Production Architecture),7424,3712 kB,N/A,2026-09-30 17:06:53.869909+00:00,"Directly integrated with active codebase [rapido, letzryd-rapido-integration-pipeline]. Immutable audit trail storing incoming and outbound webhook JSON requests."
weekly_hisaab_rent_summary,BASE TABLE,NOT USEFUL (Obsolete / Deprecated / Dev / City Shard),NOT_USEFUL (Legacy Table Superseded by core_ / july_),DROP TABLE (Obsolete Entity),0,16 kB,N/A,N/A,Legacy standalone entity from older schema. Completely superseded by core_weekly_hisaab_rent_summary or july_weekly_hisaab_rent_summary.
weekly_hisaab_summary_1,VIEW,NOT USEFUL (Obsolete / Deprecated / Dev / City Shard),"NOT_USEFUL (Legacy City-Suffixed Shard - _1, _15, _16)",DROP TABLE / DROP VIEW (Obsolete City Shards),N/A,0 bytes,N/A,N/A,Legacy per-city sharded table from deprecated architecture. Superseded by unified multi-city tables with city discriminator column.
weekly_hisaab_summary_15,VIEW,NOT USEFUL (Obsolete / Deprecated / Dev / City Shard),"NOT_USEFUL (Legacy City-Suffixed Shard - _1, _15, _16)",DROP TABLE / DROP VIEW (Obsolete City Shards),N/A,0 bytes,N/A,N/A,Legacy per-city sharded table from deprecated architecture. Superseded by unified multi-city tables with city discriminator column.
weekly_hisaab_summary_16,VIEW,NOT USEFUL (Obsolete / Deprecated / Dev / City Shard),"NOT_USEFUL (Legacy City-Suffixed Shard - _1, _15, _16)",DROP TABLE / DROP VIEW (Obsolete City Shards),N/A,0 bytes,N/A,N/A,Legacy per-city sharded table from deprecated architecture. Superseded by unified multi-city tables with city discriminator column.
weekly_incentives,BASE TABLE,USEFUL (Current Production),CURRENT_ACTIVE (Rapido Pipeline),KEEP (Active in Production Architecture),0,8192 bytes,N/A,N/A,"Directly integrated with active codebase [rapido, letzryd-rapido-integration-pipeline]. Driver weekly incentive settlements from SupplyHub."
workshop_vendors,BASE TABLE,NOT USEFUL (Obsolete / Deprecated / Dev / City Shard),NOT_USEFUL (Legacy Table Superseded by core_ / july_),DROP TABLE (Obsolete Entity),3,32 kB,2026-08-20 05:48:05.136690,2026-08-20 05:48:05.136690,Legacy standalone entity from older schema. Completely superseded by core_workshop_vendors or july_workshop_vendors.
workshops,BASE TABLE,NOT USEFUL (Obsolete / Deprecated / Dev / City Shard),NOT_USEFUL (Legacy Table Superseded by core_ / july_),DROP TABLE (Obsolete Entity),288,80 kB,2026-06-03 15:16:53.051455,2026-06-19 19:03:36.876767,Legacy standalone entity from older schema. Completely superseded by core_workshops or july_workshops.
